Workbook
Name cycle: #REF!

Sheet 1-200关设定
B1: level | C1: difficulty | D1: 3档位通关率 | E1: 加入机制 | F1: 解锁系统（当前关卡，包括开始局外和关卡结束） | G1: Block2x2 | H1: Objective1 | I1: Pool | J1: GateLeft | K1: GateRight | L1: GateTop | M1: Gate | N1: Snake | O1: Key | P1: Screw | Q1: SecretItem | R1: Triangle | S1: Link | T1: LinkDown | U1: LinkRight | V1: Special Count | W1: Color Count | X1: 死亡分布类型 | Y1: 死亡分布
A2: 基础教学 | B2: 1 | C2: normal | D2: 1 | G2: 0 | H2: 0 | I2: 0 | J2: 0 | K2: 0 | L2: 0 | M2: 0 | N2: 0 | O2: 0 | P2: 0 | Q2: 0 | R2: 0 | S2: 0 | T2: 0 | U2: 0 | V2: 0 | W2: 2 | X2: 1 | Y2: 0.1,0.1,0.1,0.1,0.1,0.1,0.1,0.1,0.1,0.1
B3: 2 | C3: normal | D3: 1 | G3: 0 | H3: 0 | I3: 0 | J3: 0 | K3: 0 | L3: 0 | M3: 0 | N3: 0 | O3: 0 | P3: 0 | Q3: 0 | R3: 0 | S3: 0 | T3: 0 | U3: 0 | V3: 0 | W3: 3 | X3: 1 | Y3: 0.1,0.1,0.1,0.1,0.1,0.1,0.1,0.1,0.1,0.1
B4: 3 | C4: normal | D4: 1 | E4: 合成教学 | G4: 0 | H4: 0 | I4: 0 | J4: 0 | K4: 0 | L4: 0 | M4: 0 | N4: 0 | O4: 0 | P4: 0 | Q4: 0 | R4: 0 | S4: 0 | T4: 0 | U4: 0 | V4: 0 | W4: 3 | X4: 1 | Y4: 0.1,0.1,0.1,0.1,0.1,0.1,0.1,0.1,0.1,0.1
B5: 4 | C5: normal | D5: 1 | G5: 0 | H5: 0 | I5: 0 | J5: 0 | K5: 0 | L5: 0 | M5: 0 | N5: 0 | O5: 0 | P5: 0 | Q5: 0 | R5: 0 | S5: 0 | T5: 0 | U5: 0 | V5: 0 | W5: 3 | X5: 1 | Y5: 0.1,0.1,0.1,0.1,0.1,0.1,0.1,0.1,0.1,0.1
B6: 5 | C6: normal | D6: 1 | E6: 大方块 | G6: 1 | H6: 0 | I6: 0 | J6: 0 | K6: 0 | L6: 0 | M6: 0 | N6: 0 | O6: 0 | P6: 0 | Q6: 0 | R6: 0 | S6: 0 | T6: 0 | U6: 0 | V6: 1 | W6: 3 | X6: 1 | Y6: 0.1,0.1,0.1,0.1,0.1,0.1,0.1,0.1,0.1,0.1
B7: 6 | C7: normal | D7: 0.9 | G7: 1 | H7: 0 | I7: 0 | J7: 0 | K7: 0 | L7: 0 | M7: 0 | N7: 0 | O7: 0 | P7: 0 | Q7: 0 | R7: 0 | S7: 0 | T7: 0 | U7: 0 | V7: 1 | W7: 4 | X7: 1 | Y7: 0.1,0.1,0.1,0.1,0.1,0.1,0.1,0.1,0.1,0.1
B8: 7 | C8: normal | D8: 1 | E8: 问号炮台 | G8: 0 | H8: 0 | I8: 0 | J8: 0 | K8: 0 | L8: 0 | M8: 0 | N8: 0 | O8: 0 | P8: 0 | Q8: 1 | R8: 0 | S8: 0 | T8: 0 | U8: 0 | V8: 1 | W8: 3 | X8: 1 | Y8: 0.1,0.1,0.1,0.1,0.1,0.1,0.1,0.1,0.1,0.1
B9: 8 | C9: normal | D9: 0.9 | G9: 0 | H9: 0 | I9: 0 | J9: 0 | K9: 0 | L9: 0 | M9: 0 | N9: 0 | O9: 0 | P9: 0 | Q9: 1 | R9: 0 | S9: 0 | T9: 0 | U9: 0 | V9: 1 | W9: 4 | X9: 1 | Y9: 0.1,0.1,0.1,0.1,0.1,0.1,0.1,0.1,0.1,0.1
B10: 9 | C10: normal | D10: 0.9 | G10: 1 | H10: 0 | I10: 0 | J10: 0 | K10: 0 | L10: 0 | M10: 0 | N10: 0 | O10: 0 | P10: 0 | Q10: 1 | R10: 0 | S10: 0 | T10: 0 | U10: 0 | V10: 2 | W10: 4 | X10: 1 | Y10: 0.1,0.1,0.1,0.1,0.1,0.1,0.1,0.1,0.1,0.1
B11: 10 | C11: normal | D11: 1 | E11: 三角炮台 | G11: 0 | H11: 0 | I11: 0 | J11: 0 | K11: 0 | L11: 0 | M11: 0 | N11: 0 | O11: 0 | P11: 0 | Q11: 0 | R11: 1 | S11: 0 | T11: 0 | U11: 0 | V11: 1 | W11: 3 | X11: 1 | Y11: 0.1,0.1,0.1,0.1,0.1,0.1,0.1,0.1,0.1,0.1
B12: 11 | C12: normal | D12: 0.9 | G12: 1 | H12: 0 | I12: 0 | J12: 0 | K12: 0 | L12: 0 | M12: 0 | N12: 0 | O12: 0 | P12: 0 | Q12: 0 | R12: 1 | S12: 0 | T12: 0 | U12: 0 | V12: 2 | W12: 4 | X12: 1 | Y12: 0.1,0.1,0.1,0.1,0.1,0.1,0.1,0.1,0.1,0.1
B13: 12 | C13: normal | D13: 0.9 | G13: 1 | H13: 0 | I13: 0 | J13: 0 | K13: 0 | L13: 0 | M13: 0 | N13: 0 | O13: 0 | P13: 0 | Q13: 1 | R13: 0 | S13: 0 | T13: 0 | U13: 0 | V13: 2 | W13: 4 | X13: 1 | Y13: 0.1,0.1,0.1,0.1,0.1,0.1,0.1,0.1,0.1,0.1
B14: 13 | C14: normal | D14: 0.9 | E14: 磁铁道具指引 | G14: 0 | H14: 0 | I14: 0 | J14: 0 | K14: 0 | L14: 0 | M14: 0 | N14: 0 | O14: 0 | P14: 0 | Q14: 0 | R14: 0 | S14: 0 | T14: 0 | U14: 0 | V14: 0 | W14: 5 | X14: 1 | Y14: 0.1,0.1,0.1,0.1,0.1,0.1,0.1,0.1,0.1,0.1
B15: 14 | C15: hard | D15: 0.7 | G15: 1 | H15: 0 | I15: 0 | J15: 0 | K15: 0 | L15: 0 | M15: 0 | N15: 0 | O15: 0 | P15: 0 | Q15: 1 | R15: 1 | S15: 0 | T15: 0 | U15: 0 | V15: 3 | W15: 4 | X15: 1 | Y15: 0.1,0.1,0.1,0.1,0.1,0.1,0.1,0.1,0.1,0.1
A16: 三角炮台 | B16: 15 | C16: normal | D16: 0.85 | F16: 开始：新手签到+每日签到 | G16: 0 | H16: 0 | I16: 0 | J16: 0 | K16: 0 | L16: 0 | M16: 0 | N16: 0 | O16: 0 | P16: 0 | Q16: 0 | R16: 1 | S16: 0 | T16: 0 | U16: 0 | V16: 1 | W16: 4 | X16: 1 | Y16: 0.1,0.1,0.1,0.1,0.1,0.1,0.1,0.1,0.1,0.1
B17: 16 | C17: normal | D17: 0.85 | E17: 得分小猪 | G17: 0 | H17: 1 | I17: 0 | J17: 0 | K17: 0 | L17: 0 | M17: 0 | N17: 0 | O17: 0 | P17: 0 | Q17: 0 | R17: 0 | S17: 0 | T17: 0 | U17: 0 | V17: 0 | W17: 3 | X17: 2 | Y17: 0,0.2,0,0.2,0,0.2,0,0.2,0,0.2
B18: 17 | C18: normal | D18: 0.85 | G18: 1 | H18: 0 | I18: 0 | J18: 0 | K18: 0 | L18: 0 | M18: 0 | N18: 0 | O18: 0 | P18: 0 | Q18: 0 | R18: 1 | S18: 0 | T18: 0 | U18: 0 | V18: 2 | W18: 4 | X18: 3 | Y18: 0,0,0.018,0.042,0.109,0.159,0.213,0.282,0.121,0.056
B19: 18 | C19: normal | D19: 0.85 | E19: 魔法棒道具指引 | G19: 0 | H19: 0 | I19: 0 | J19: 0 | K19: 0 | L19: 0 | M19: 0 | N19: 0 | O19: 0 | P19: 0 | Q19: 1 | R19: 1 | S19: 0 | T19: 0 | U19: 0 | V19: 2 | W19: 5 | X19: 4 | Y19: 0,0,0.125,0.25,0.125,0,0.125,0.25,0.125,0
B20: 19 | C20: hard | D20: 0.6 | F20: 结算：双倍金币出现，fail offer | G20: 0 | H20: 1 | I20: 0 | J20: 0 | K20: 0 | L20: 0 | M20: 0 | N20: 0 | O20: 0 | P20: 0 | Q20: 0 | R20: 1 | S20: 0 | T20: 0 | U20: 0 | V20: 1 | W20: 5 | X20: 5 | Y20: 0,0,0.027,0.126,0.31,0.537,0,0,0,0
B21: 20 | C21: superhard | D21: 0.4 | G21: 1 | H21: 1 | I21: 0 | J21: 0 | K21: 0 | L21: 0 | M21: 0 | N21: 0 | O21: 0 | P21: 0 | Q21: 1 | R21: 1 | S21: 0 | T21: 0 | U21: 0 | V21: 3 | W21: 4 | X21: 6 | Y21: 0,0,0,0,0.025,0.084,0.183,0.52,0.188,0
A22: 相连炮台 | B22: 21 | C22: normal | D22: 1 | E22: 相连炮台 | G22: 0 | H22: 0 | I22: 0 | J22: 0 | K22: 0 | L22: 0 | M22: 0 | N22: 0 | O22: 0 | P22: 0 | Q22: 0 | R22: 0 | S22: 1 | T22: 1 | U22: 1 | V22: 1 | W22: 3 | X22: 1 | Y22: 0.1,0.1,0.1,0.1,0.1,0.1,0.1,0.1,0.1,0.1
B23: 22 | C23: normal | D23: 0.85 | G23: 0 | H23: 0 | I23: 0 | J23: 0 | K23: 0 | L23: 0 | M23: 0 | N23: 0 | O23: 0 | P23: 0 | Q23: 0 | R23: 0 | S23: 1 | T23: 1 | U23: 1 | V23: 1 | W23: 4 | X23: 1 | Y23: 0.1,0.1,0.1,0.1,0.1,0.1,0.1,0.1,0.1,0.1
B24: 23 | C24: normal | D24: 0.85 | E24: 锤子道具指引 | G24: 0 | H24: 0 | I24: 0 | J24: 0 | K24: 0 | L24: 0 | M24: 0 | N24: 0 | O24: 0 | P24: 0 | Q24: 0 | R24: 1 | S24: 0 | T24: 0 | U24: 0 | V24: 1 | W24: 4 | X24: 2 | Y24: 0,0.2,0,0.2,0,0.2,0,0.2,0,0.2
B25: 24 | C25: hard | D25: 0.6 | F25: 结算：强制出现广告+免广告系统推送+商店上架免广告pass | G25: 1 | H25: 0 | I25: 0 | J25: 0 | K25: 0 | L25: 0 | M25: 0 | N25: 0 | O25: 0 | P25: 0 | Q25: 0 | R25: 1 | S25: 1 | T25: 1 | U25: 1 | V25: 3 | W25: 5 | X25: 2 | Y25: 0,0.2,0,0.2,0,0.2,0,0.2,0,0.2
B26: 25 | C26: normal | D26: 0.85 | F26: 开始：任务 | G26: 0 | H26: 0 | I26: 0 | J26: 0 | K26: 0 | L26: 0 | M26: 0 | N26: 0 | O26: 0 | P26: 0 | Q26: 1 | R26: 1 | S26: 0 | T26: 0 | U26: 0 | V26: 2 | W26: 3 | X26: 1 | Y26: 0.1,0.1,0.1,0.1,0.1,0.1,0.1,0.1,0.1,0.1
B27: 26 | C27: normal | D27: 0.85 | E27: 回溯道具指引 | G27: 0 | H27: 0 | I27: 0 | J27: 0 | K27: 0 | L27: 0 | M27: 0 | N27: 0 | O27: 0 | P27: 0 | Q27: 1 | R27: 0 | S27: 1 | T27: 1 | U27: 1 | V27: 2 | W27: 4 | X27: 1 | Y27: 0.1,0.1,0.1,0.1,0.1,0.1,0.1,0.1,0.1,0.1
B28: 27 | C28: hard | D28: 0.6 | G28: 1 | H28: 0 | I28: 0 | J28: 0 | K28: 0 | L28: 0 | M28: 0 | N28: 0 | O28: 0 | P28: 0 | Q28: 1 | R28: 1 | S28: 1 | T28: 1 | U28: 1 | V28: 4 | W28: 4 | X28: 2 | Y28: 0,0.2,0,0.2,0,0.2,0,0.2,0,0.2
B29: 28 | C29: normal | D29: 0.85 | G29: 0 | H29: 0 | I29: 0 | J29: 0 | K29: 0 | L29: 0 | M29: 0 | N29: 0 | O29: 0 | P29: 0 | Q29: 1 | R29: 1 | S29: 0 | T29: 0 | U29: 0 | V29: 2 | W29: 3 | X29: 1 | Y29: 0.1,0.1,0.1,0.1,0.1,0.1,0.1,0.1,0.1,0.1
B30: 29 | C30: normal | D30: 0.85 | G30: 0 | H30: 1 | I30: 0 | J30: 0 | K30: 0 | L30: 0 | M30: 0 | N30: 0 | O30: 0 | P30: 0 | Q30: 1 | R30: 0 | S30: 1 | T30: 1 | U30: 1 | V30: 2 | W30: 4 | X30: 1 | Y30: 0.1,0.1,0.1,0.1,0.1,0.1,0.1,0.1,0.1,0.1
B31: 30 | C31: superhard | D31: 0.4 | G31: 0 | H31: 0 | I31: 0 | J31: 0 | K31: 0 | L31: 0 | M31: 0 | N31: 0 | O31: 0 | P31: 0 | Q31: 0 | R31: 1 | S31: 1 | T31: 1 | U31: 1 | V31: 2 | W31: 4 | X31: 3 | Y31: 0,0,0.018,0.042,0.109,0.159,0.213,0.282,0.121,0.056
B32: 31 | C32: normal | D32: 0.85 | G32: 1 | H32: 0 | I32: 0 | J32: 0 | K32: 0 | L32: 0 | M32: 0 | N32: 0 | O32: 0 | P32: 0 | Q32: 0 | R32: 1 | S32: 0 | T32: 0 | U32: 0 | V32: 2 | W32: 4 | X32: 1 | Y32: 0.1,0.1,0.1,0.1,0.1,0.1,0.1,0.1,0.1,0.1
B33: 32 | C33: normal | D33: 0.85 | G33: 0 | H33: 0 | I33: 0 | J33: 0 | K33: 0 | L33: 0 | M33: 0 | N33: 0 | O33: 0 | P33: 0 | Q33: 0 | R33: 0 | S33: 1 | T33: 1 | U33: 1 | V33: 1 | W33: 3 | X33: 1 | Y33: 0.1,0.1,0.1,0.1,0.1,0.1,0.1,0.1,0.1,0.1
B34: 33 | C34: normal | D34: 0.85 | G34: 0 | H34: 0 | I34: 0 | J34: 0 | K34: 0 | L34: 0 | M34: 0 | N34: 0 | O34: 0 | P34: 0 | Q34: 0 | R34: 1 | S34: 1 | T34: 1 | U34: 1 | V34: 2 | W34: 4 | X34: 2 | Y34: 0,0.2,0,0.2,0,0.2,0,0.2,0,0.2
A35: 门 | B35: 34 | C35: normal | D35: 0.85 | E35: 门 | G35: 0 | H35: 0 | I35: 0 | J35: 1 | K35: 0 | L35: 0 | M35: 1 | N35: 0 | O35: 0 | P35: 0 | Q35: 0 | R35: 0 | S35: 0 | T35: 0 | U35: 0 | V35: 1 | W35: 3 | X35: 1 | Y35: 0.1,0.1,0.1,0.1,0.1,0.1,0.1,0.1,0.1,0.1
B36: 35 | C36: normal | D36: 0.85 | F36: 开始：通行证+商店上架通行证 | G36: 0 | H36: 0 | I36: 0 | J36: 1 | K36: 1 | L36: 0 | M36: 1 | N36: 0 | O36: 0 | P36: 0 | Q36: 1 | R36: 0 | S36: 0 | T36: 0 | U36: 0 | V36: 2 | W36: 4 | X36: 1 | Y36: 0.1,0.1,0.1,0.1,0.1,0.1,0.1,0.1,0.1,0.1
B37: 36 | C37: normal | D37: 0.85 | G37: 0 | H37: 0 | I37: 0 | J37: 0 | K37: 0 | L37: 1 | M37: 1 | N37: 0 | O37: 0 | P37: 0 | Q37: 0 | R37: 0 | S37: 1 | T37: 1 | U37: 1 | V37: 2 | W37: 3 | X37: 2 | Y37: 0,0.2,0,0.2,0,0.2,0,0.2,0,0.2
B38: 37 | C38: normal | D38: 0.85 | G38: 0 | H38: 0 | I38: 0 | J38: 0 | K38: 1 | L38: 0 | M38: 1 | N38: 0 | O38: 0 | P38: 0 | Q38: 0 | R38: 1 | S38: 0 | T38: 0 | U38: 0 | V38: 2 | W38: 4 | X38: 1 | Y38: 0.1,0.1,0.1,0.1,0.1,0.1,0.1,0.1,0.1,0.1
B39: 38 | C39: hard | D39: 0.6 | G39: 0 | H39: 0 | I39: 0 | J39: 1 | K39: 1 | L39: 0 | M39: 1 | N39: 0 | O39: 0 | P39: 0 | Q39: 0 | R39: 1 | S39: 1 | T39: 1 | U39: 1 | V39: 3 | W39: 4 | X39: 1 | Y39: 0.1,0.1,0.1,0.1,0.1,0.1,0.1,0.1,0.1,0.1
B40: 39 | C40: normal | D40: 0.85 | G40: 0 | H40: 1 | I40: 0 | J40: 0 | K40: 0 | L40: 0 | M40: 0 | N40: 0 | O40: 0 | P40: 0 | Q40: 0 | R40: 1 | S40: 1 | T40: 1 | U40: 1 | V40: 2 | W40: 4 | X40: 2 | Y40: 0,0.2,0,0.2,0,0.2,0,0.2,0,0.2
B41: 40 | C41: normal | D41: 0.85 | G41: 0 | H41: 0 | I41: 0 | J41: 1 | K41: 1 | L41: 0 | M41: 1 | N41: 0 | O41: 0 | P41: 0 | Q41: 1 | R41: 0 | S41: 0 | T41: 0 | U41: 0 | V41: 2 | W41: 4 | X41: 3 | Y41: 0,0,0.018,0.042,0.109,0.159,0.213,0.282,0.121,0.056
B42: 41 | C42: normal | D42: 0.85 | G42: 0 | H42: 0 | I42: 0 | J42: 0 | K42: 0 | L42: 1 | M42: 1 | N42: 0 | O42: 0 | P42: 0 | Q42: 1 | R42: 0 | S42: 1 | T42: 1 | U42: 1 | V42: 3 | W42: 5 | X42: 2 | Y42: 0,0.2,0,0.2,0,0.2,0,0.2,0,0.2
B43: 42 | C43: hard | D43: 0.6 | G43: 0 | H43: 0 | I43: 0 | J43: 1 | K43: 1 | L43: 1 | M43: 1 | N43: 0 | O43: 0 | P43: 0 | Q43: 0 | R43: 1 | S43: 1 | T43: 1 | U43: 1 | V43: 3 | W43: 5 | X43: 2 | Y43: 0,0.2,0,0.2,0,0.2,0,0.2,0,0.2
B44: 43 | C44: normal | D44: 0.85 | G44: 1 | H44: 0 | I44: 0 | J44: 0 | K44: 0 | L44: 1 | M44: 1 | N44: 0 | O44: 0 | P44: 0 | Q44: 1 | R44: 0 | S44: 0 | T44: 0 | U44: 0 | V44: 3 | W44: 4 | X44: 3 | Y44: 0,0,0.018,0.042,0.109,0.159,0.213,0.282,0.121,0.056
B45: 44 | C45: normal | D45: 0.85 | G45: 0 | H45: 0 | I45: 0 | J45: 1 | K45: 0 | L45: 0 | M45: 1 | N45: 0 | O45: 0 | P45: 0 | Q45: 1 | R45: 0 | S45: 1 | T45: 1 | U45: 1 | V45: 3 | W45: 4 | X45: 3 | Y45: 0,0,0.018,0.042,0.109,0.159,0.213,0.282,0.121,0.056
B46: 45 | C46: normal | D46: 0.85 | F46: 开始：生涯 | G46: 0 | H46: 0 | I46: 0 | J46: 1 | K46: 1 | L46: 0 | M46: 1 | N46: 0 | O46: 0 | P46: 0 | Q46: 1 | R46: 1 | S46: 0 | T46: 0 | U46: 0 | V46: 3 | W46: 4 | X46: 4 | Y46: 0,0,0.125,0.25,0.125,0,0.125,0.25,0.125,0
B47: 46 | C47: superhard | D47: 0.4 | G47: 1 | H47: 0 | I47: 0 | J47: 1 | K47: 1 | L47: 1 | M47: 1 | N47: 0 | O47: 0 | P47: 0 | Q47: 0 | R47: 0 | S47: 1 | T47: 1 | U47: 1 | V47: 3 | W47: 4 | X47: 6 | Y47: 0,0,0,0,0.025,0.084,0.183,0.52,0.188,0
B48: 47 | C48: normal | D48: 0.85 | G48: 0 | H48: 0 | I48: 0 | J48: 0 | K48: 0 | L48: 1 | M48: 1 | N48: 0 | O48: 0 | P48: 0 | Q48: 0 | R48: 0 | S48: 1 | T48: 1 | U48: 1 | V48: 2 | W48: 4 | X48: 2 | Y48: 0,0.2,0,0.2,0,0.2,0,0.2,0,0.2
B49: 48 | C49: normal | D49: 0.85 | G49: 0 | H49: 0 | I49: 0 | J49: 0 | K49: 1 | L49: 0 | M49: 1 | N49: 0 | O49: 0 | P49: 0 | Q49: 0 | R49: 1 | S49: 0 | T49: 0 | U49: 0 | V49: 2 | W49: 4 | X49: 3 | Y49: 0,0,0.018,0.042,0.109,0.159,0.213,0.282,0.121,0.056
A50: 池子 | B50: 49 | C50: normal | D50: 0.85 | E50: 池子 | G50: 0 | H50: 0 | I50: 1 | J50: 0 | K50: 0 | L50: 0 | M50: 0 | N50: 0 | O50: 0 | P50: 0 | Q50: 0 | R50: 0 | S50: 0 | T50: 0 | U50: 0 | V50: 1 | W50: 4 | X50: 2 | Y50: 0,0.2,0,0.2,0,0.2,0,0.2,0,0.2
B51: 50 | C51: normal | D51: 0.85 | G51: 0 | H51: 0 | I51: 1 | J51: 0 | K51: 0 | L51: 0 | M51: 0 | N51: 0 | O51: 0 | P51: 0 | Q51: 1 | R51: 0 | S51: 0 | T51: 0 | U51: 0 | V51: 2 | W51: 4 | X51: 2 | Y51: 0,0.2,0,0.2,0,0.2,0,0.2,0,0.2
B52: 51 | C52: normal | D52: 0.85 | G52: 0 | H52: 0 | I52: 1 | J52: 0 | K52: 0 | L52: 0 | M52: 0 | N52: 0 | O52: 0 | P52: 0 | Q52: 0 | R52: 1 | S52: 0 | T52: 0 | U52: 0 | V52: 2 | W52: 4 | X52: 3 | Y52: 0,0,0.018,0.042,0.109,0.159,0.213,0.282,0.121,0.056
B53: 52 | C53: hard | D53: 0.6 | G53: 0 | H53: 0 | I53: 1 | J53: 0 | K53: 0 | L53: 0 | M53: 0 | N53: 0 | O53: 0 | P53: 0 | Q53: 1 | R53: 1 | S53: 0 | T53: 0 | U53: 0 | V53: 3 | W53: 5 | X53: 3 | Y53: 0,0,0.018,0.042,0.109,0.159,0.213,0.282,0.121,0.056
B54: 53 | C54: normal | D54: 0.85 | G54: 1 | H54: 0 | I54: 1 | J54: 0 | K54: 0 | L54: 0 | M54: 0 | N54: 0 | O54: 0 | P54: 0 | Q54: 0 | R54: 0 | S54: 1 | T54: 0 | U54: 1 | V54: 3 | W54: 4 | X54: 2 | Y54: 0,0.2,0,0.2,0,0.2,0,0.2,0,0.2
B55: 54 | C55: hard | D55: 0.6 | G55: 0 | H55: 0 | I55: 1 | J55: 0 | K55: 0 | L55: 0 | M55: 0 | N55: 0 | O55: 0 | P55: 0 | Q55: 0 | R55: 1 | S55: 1 | T55: 1 | U55: 1 | V55: 3 | W55: 4 | X55: 4 | Y55: 0,0,0.125,0.25,0.125,0,0.125,0.25,0.125,0
B56: 55 | C56: normal | D56: 0.85 | G56: 0 | H56: 1 | I56: 1 | J56: 1 | K56: 0 | L56: 0 | M56: 1 | N56: 0 | O56: 0 | P56: 0 | Q56: 0 | R56: 0 | S56: 0 | T56: 0 | U56: 0 | V56: 2 | W56: 5 | X56: 2 | Y56: 0,0.2,0,0.2,0,0.2,0,0.2,0,0.2
B57: 56 | C57: normal | D57: 0.85 | G57: 1 | H57: 0 | I57: 0 | J57: 0 | K57: 0 | L57: 1 | M57: 1 | N57: 0 | O57: 0 | P57: 0 | Q57: 0 | R57: 1 | S57: 1 | T57: 1 | U57: 1 | V57: 4 | W57: 4 | X57: 3 | Y57: 0,0,0.018,0.042,0.109,0.159,0.213,0.282,0.121,0.056
B58: 57 | C58: normal | D58: 0.85 | G58: 0 | H58: 0 | I58: 1 | J58: 0 | K58: 0 | L58: 1 | M58: 1 | N58: 0 | O58: 0 | P58: 0 | Q58: 1 | R58: 0 | S58: 1 | T58: 1 | U58: 1 | V58: 4 | W58: 4 | X58: 2 | Y58: 0,0.2,0,0.2,0,0.2,0,0.2,0,0.2
B59: 58 | C59: superhard | D59: 0.4 | G59: 1 | H59: 0 | I59: 1 | J59: 0 | K59: 0 | L59: 0 | M59: 0 | N59: 0 | O59: 0 | P59: 0 | Q59: 0 | R59: 0 | S59: 0 | T59: 1 | U59: 1 | V59: 2 | W59: 5 | X59: 6 | Y59: 0,0,0,0,0.025,0.084,0.183,0.52,0.188,0
B60: 59 | C60: normal | D60: 0.85 | G60: 0 | H60: 0 | I60: 1 | J60: 1 | K60: 0 | L60: 0 | M60: 1 | N60: 0 | O60: 0 | P60: 0 | Q60: 0 | R60: 0 | S60: 1 | T60: 1 | U60: 1 | V60: 3 | W60: 4 | X60: 2 | Y60: 0,0.2,0,0.2,0,0.2,0,0.2,0,0.2
B61: 60 | C61: normal | D61: 0.85 | G61: 0 | H61: 0 | I61: 1 | J61: 0 | K61: 0 | L61: 0 | M61: 1 | N61: 0 | O61: 0 | P61: 0 | Q61: 1 | R61: 1 | S61: 0 | T61: 0 | U61: 0 | V61: 4 | W61: 4 | X61: 3 | Y61: 0,0,0.018,0.042,0.109,0.159,0.213,0.282,0.121,0.056
A62: 复习关（复杂机制组合） | B62: 61 | C62: normal | D62: 0.85 | G62: 1 | H62: 0 | I62: 0 | J62: 0 | K62: 0 | L62: 0 | M62: 0 | N62: 0 | O62: 0 | P62: 0 | Q62: 0 | R62: 1 | S62: 1 | T62: 0 | U62: 1 | V62: 3 | W62: 4 | X62: 2 | Y62: 0,0.2,0,0.2,0,0.2,0,0.2,0,0.2
B63: 62 | C63: normal | D63: 0.85 | G63: 0 | H63: 0 | I63: 0 | J63: 0 | K63: 0 | L63: 0 | M63: 0 | N63: 0 | O63: 0 | P63: 0 | Q63: 1 | R63: 1 | S63: 1 | T63: 1 | U63: 1 | V63: 3 | W63: 4 | X63: 2 | Y63: 0,0.2,0,0.2,0,0.2,0,0.2,0,0.2
B64: 63 | C64: normal | D64: 0.85 | G64: 0 | H64: 1 | I64: 0 | J64: 1 | K64: 1 | L64: 0 | M64: 1 | N64: 0 | O64: 0 | P64: 0 | Q64: 1 | R64: 0 | S64: 1 | T64: 1 | U64: 1 | V64: 3 | W64: 4 | X64: 4 | Y64: 0,0,0.125,0.25,0.125,0,0.125,0.25,0.125,0
B65: 64 | C65: hard | D65: 0.6 | G65: 0 | H65: 0 | I65: 0 | J65: 0 | K65: 0 | L65: 1 | M65: 1 | N65: 0 | O65: 0 | P65: 0 | Q65: 1 | R65: 1 | S65: 0 | T65: 1 | U65: 1 | V65: 3 | W65: 4 | X65: 3 | Y65: 0,0,0.018,0.042,0.109,0.159,0.213,0.282,0.121,0.056
B66: 65 | C66: hard | D66: 0.6 | G66: 1 | H66: 0 | I66: 1 | J66: 0 | K66: 0 | L66: 0 | M66: 0 | N66: 0 | O66: 0 | P66: 0 | Q66: 1 | R66: 1 | S66: 0 | T66: 0 | U66: 0 | V66: 4 | W66: 5 | X66: 2 | Y66: 0,0.2,0,0.2,0,0.2,0,0.2,0,0.2
B67: 66 | C67: normal | D67: 0.85 | G67: 1 | H67: 0 | I67: 0 | J67: 1 | K67: 1 | L67: 0 | M67: 1 | N67: 0 | O67: 0 | P67: 0 | Q67: 0 | R67: 0 | S67: 1 | T67: 1 | U67: 1 | V67: 3 | W67: 4 | X67: 2 | Y67: 0,0.2,0,0.2,0,0.2,0,0.2,0,0.2
B68: 67 | C68: normal | D68: 0.85 | G68: 0 | H68: 0 | I68: 0 | J68: 0 | K68: 0 | L68: 0 | M68: 0 | N68: 0 | O68: 0 | P68: 0 | Q68: 1 | R68: 1 | S68: 0 | T68: 0 | U68: 0 | V68: 2 | W68: 5 | X68: 3 | Y68: 0,0,0.018,0.042,0.109,0.159,0.213,0.282,0.121,0.056
B69: 68 | C69: hard | D69: 0.6 | G69: 0 | H69: 0 | I69: 1 | J69: 0 | K69: 1 | L69: 1 | M69: 1 | N69: 0 | O69: 0 | P69: 0 | Q69: 1 | R69: 0 | S69: 1 | T69: 1 | U69: 1 | V69: 4 | W69: 4 | X69: 3 | Y69: 0,0,0.018,0.042,0.109,0.159,0.213,0.282,0.121,0.056
B70: 69 | C70: normal | D70: 0.85 | G70: 1 | H70: 0 | I70: 0 | J70: 0 | K70: 0 | L70: 0 | M70: 0 | N70: 0 | O70: 0 | P70: 0 | Q70: 1 | R70: 1 | S70: 0 | T70: 0 | U70: 0 | V70: 3 | W70: 4 | X70: 6 | Y70: 0,0,0,0,0.025,0.084,0.183,0.52,0.188,0
B71: 70 | C71: superhard | D71: 0.4 | G71: 1 | H71: 0 | I71: 1 | J71: 0 | K71: 0 | L71: 0 | M71: 0 | N71: 0 | O71: 0 | P71: 0 | Q71: 1 | R71: 1 | S71: 1 | T71: 1 | U71: 1 | V71: 5 | W71: 4 | X71: 2 | Y71: 0,0.2,0,0.2,0,0.2,0,0.2,0,0.2
B72: 71 | C72: normal | D72: 0.85 | G72: 1 | H72: 0 | I72: 0 | J72: 0 | K72: 0 | L72: 0 | M72: 0 | N72: 0 | O72: 0 | P72: 0 | Q72: 0 | R72: 1 | S72: 1 | T72: 1 | U72: 1 | V72: 3 | W72: 4 | X72: 2 | Y72: 0,0.2,0,0.2,0,0.2,0,0.2,0,0.2
B73: 72 | C73: hard | D73: 0.6 | G73: 0 | H73: 1 | I73: 0 | J73: 0 | K73: 0 | L73: 0 | M73: 0 | N73: 0 | O73: 0 | P73: 0 | Q73: 1 | R73: 1 | S73: 0 | T73: 0 | U73: 0 | V73: 2 | W73: 5 | X73: 4 | Y73: 0,0,0.125,0.25,0.125,0,0.125,0.25,0.125,0
A74: 蛇 | B74: 73 | C74: normal | D74: 0.85 | E74: 蛇 | G74: 0 | H74: 0 | I74: 0 | J74: 0 | K74: 0 | L74: 0 | M74: 0 | N74: 1 | O74: 0 | P74: 0 | Q74: 0 | R74: 0 | S74: 0 | T74: 0 | U74: 0 | V74: 1 | W74: 3 | X74: 2 | Y74: 0,0.2,0,0.2,0,0.2,0,0.2,0,0.2
B75: 74 | C75: normal | D75: 0.85 | G75: 0 | H75: 0 | I75: 0 | J75: 0 | K75: 0 | L75: 0 | M75: 0 | N75: 1 | O75: 0 | P75: 0 | Q75: 0 | R75: 1 | S75: 0 | T75: 0 | U75: 0 | V75: 2 | W75: 5 | X75: 2 | Y75: 0,0.2,0,0.2,0,0.2,0,0.2,0,0.2
B76: 75 | C76: normal | D76: 0.85 | G76: 0 | H76: 0 | I76: 0 | J76: 1 | K76: 1 | L76: 0 | M76: 1 | N76: 1 | O76: 0 | P76: 0 | Q76: 0 | R76: 1 | S76: 1 | T76: 1 | U76: 1 | V76: 4 | W76: 4 | X76: 6 | Y76: 0,0,0,0,0.025,0.084,0.183,0.52,0.188,0
B77: 76 | C77: normal | D77: 0.85 | G77: 1 | H77: 0 | I77: 0 | J77: 0 | K77: 0 | L77: 0 | M77: 0 | N77: 1 | O77: 0 | P77: 0 | Q77: 1 | R77: 1 | S77: 1 | T77: 1 | U77: 1 | V77: 5 | W77: 4 | X77: 3 | Y77: 0,0,0.018,0.042,0.109,0.159,0.213,0.282,0.121,0.056
B78: 77 | C78: hard | D78: 0.6 | G78: 1 | H78: 1 | I78: 0 | J78: 0 | K78: 0 | L78: 0 | M78: 0 | N78: 0 | O78: 0 | P78: 0 | Q78: 0 | R78: 1 | S78: 0 | T78: 0 | U78: 0 | V78: 2 | W78: 5 | X78: 2 | Y78: 0,0.2,0,0.2,0,0.2,0,0.2,0,0.2
B79: 78 | C79: normal | D79: 0.85 | G79: 0 | H79: 0 | I79: 0 | J79: 0 | K79: 0 | L79: 0 | M79: 0 | N79: 1 | O79: 0 | P79: 0 | Q79: 1 | R79: 0 | S79: 1 | T79: 0 | U79: 1 | V79: 3 | W79: 4 | X79: 2 | Y79: 0,0.2,0,0.2,0,0.2,0,0.2,0,0.2
B80: 79 | C80: normal | D80: 0.85 | G80: 0 | H80: 0 | I80: 0 | J80: 1 | K80: 1 | L80: 0 | M80: 1 | N80: 1 | O80: 0 | P80: 0 | Q80: 0 | R80: 1 | S80: 0 | T80: 0 | U80: 0 | V80: 3 | W80: 4 | X80: 3 | Y80: 0,0,0.018,0.042,0.109,0.159,0.213,0.282,0.121,0.056
B81: 80 | C81: hard | D81: 0.6 | G81: 0 | H81: 0 | I81: 0 | J81: 0 | K81: 0 | L81: 0 | M81: 0 | N81: 1 | O81: 0 | P81: 0 | Q81: 0 | R81: 0 | S81: 0 | T81: 0 | U81: 0 | V81: 1 | W81: 5 | X81: 3 | Y81: 0,0,0.018,0.042,0.109,0.159,0.213,0.282,0.121,0.056
B82: 81 | C82: normal | D82: 0.85 | G82: 0 | H82: 0 | I82: 0 | J82: 0 | K82: 0 | L82: 0 | M82: 0 | N82: 1 | O82: 0 | P82: 0 | Q82: 1 | R82: 1 | S82: 0 | T82: 0 | U82: 0 | V82: 3 | W82: 4 | X82: 2 | Y82: 0,0.2,0,0.2,0,0.2,0,0.2,0,0.2
B83: 82 | C83: normal | D83: 0.85 | G83: 1 | H83: 0 | I83: 1 | J83: 0 | K83: 0 | L83: 0 | M83: 0 | N83: 0 | O83: 0 | P83: 0 | Q83: 0 | R83: 1 | S83: 0 | T83: 0 | U83: 0 | V83: 3 | W83: 4 | X83: 2 | Y83: 0,0.2,0,0.2,0,0.2,0,0.2,0,0.2
B84: 83 | C84: hard | D84: 0.6 | G84: 1 | H84: 0 | I84: 0 | J84: 0 | K84: 0 | L84: 0 | M84: 0 | N84: 1 | O84: 0 | P84: 0 | Q84: 0 | R84: 0 | S84: 1 | T84: 1 | U84: 1 | V84: 3 | W84: 4 | X84: 3 | Y84: 0,0,0.018,0.042,0.109,0.159,0.213,0.282,0.121,0.056
B85: 84 | C85: normal | D85: 0.85 | G85: 0 | H85: 0 | I85: 0 | J85: 0 | K85: 0 | L85: 0 | M85: 0 | N85: 1 | O85: 0 | P85: 0 | Q85: 1 | R85: 1 | S85: 0 | T85: 0 | U85: 0 | V85: 3 | W85: 4 | X85: 6 | Y85: 0,0,0,0,0.025,0.084,0.183,0.52,0.188,0
B86: 85 | C86: normal | D86: 0.85 | G86: 0 | H86: 1 | I86: 0 | J86: 0 | K86: 0 | L86: 1 | M86: 1 | N86: 0 | O86: 0 | P86: 0 | Q86: 0 | R86: 1 | S86: 1 | T86: 1 | U86: 1 | V86: 3 | W86: 4 | X86: 3 | Y86: 0,0,0.018,0.042,0.109,0.159,0.213,0.282,0.121,0.056
... B91: 90 | C91: normal | D91: 0.85 | G91: 1 | H91: 0 | I91: 0 | J91: 0 | K91: 0 | L91: 0 | M91: 0 | N91: 1 | O91: 0 | P91: 0 | Q91: 1 | R91: 0 | S91: 1 | T91: 0 | U91: 0 | V91: 4 | W91: 4 | X91: 3 | Y91: 0,0,0.018,0.042,0.109,0.159,0.213,0.282,0.121,0.056
A92: 锁 | B92: 91 | C92: normal | D92: 0.85 | E92: 锁 | G92: 0 | H92: 0 | I92: 0 | J92: 0 | K92: 0 | L92: 0 | M92: 0 | N92: 0 | O92: 1 | P92: 0 | Q92: 0 | R92: 0 | S92: 0 | T92: 0 | U92: 0 | V92: 1 | W92: 4 | X92: 6 | Y92: 0,0,0,0,0.025,0.084,0.183,0.52,0.188,0
B93: 92 | C93: normal | D93: 0.85 | G93: 0 | H93: 0 | I93: 0 | J93: 0 | K93: 0 | L93: 0 | M93: 0 | N93: 0 | O93: 1 | P93: 0 | Q93: 0 | R93: 1 | S93: 0 | T93: 0 | U93: 0 | V93: 2 | W93: 4 | X93: 2 | Y93: 0,0.2,0,0.2,0,0.2,0,0.2,0,0.2
B94: 93 | C94: normal | D94: 0.85 | G94: 1 | H94: 1 | I94: 0 | J94: 0 | K94: 0 | L94: 0 | M94: 0 | N94: 0 | O94: 1 | P94: 0 | Q94: 0 | R94: 1 | S94: 1 | T94: 1 | U94: 1 | V94: 4 | W94: 4 | X94: 2 | Y94: 0,0.2,0,0.2,0,0.2,0,0.2,0,0.2
B95: 94 | C95: hard | D95: 0.6 | G95: 0 | H95: 0 | I95: 0 | J95: 0 | K95: 0 | L95: 0 | M95: 0 | N95: 0 | O95: 1 | P95: 0 | Q95: 0 | R95: 1 | S95: 1 | T95: 1 | U95: 1 | V95: 3 | W95: 4 | X95: 3 | Y95: 0,0,0.018,0.042,0.109,0.159,0.213,0.282,0.121,0.056
B96: 95 | C96: normal | D96: 0.85 | G96: 0 | H96: 0 | I96: 1 | J96: 0 | K96: 1 | L96: 0 | M96: 1 | N96: 0 | O96: 1 | P96: 0 | Q96: 1 | R96: 0 | S96: 0 | T96: 0 | U96: 0 | V96: 4 | W96: 4 | X96: 4 | Y96: 0,0,0.125,0.25,0.125,0,0.125,0.25,0.125,0
B97: 96 | C97: hard | D97: 0.6 | G97: 1 | H97: 0 | I97: 1 | J97: 0 | K97: 0 | L97: 0 | M97: 0 | N97: 0 | O97: 1 | P97: 0 | Q97: 0 | R97: 1 | S97: 0 | T97: 0 | U97: 0 | V97: 4 | W97: 4 | X97: 2 | Y97: 0,0.2,0,0.2,0,0.2,0,0.2,0,0.2
B98: 97 | C98: normal | D98: 0.85 | G98: 0 | H98: 0 | I98: 0 | J98: 0 | K98: 0 | L98: 0 | M98: 0 | N98: 0 | O98: 0 | P98: 0 | Q98: 1 | R98: 0 | S98: 1 | T98: 0 | U98: 1 | V98: 2 | W98: 4 | X98: 2 | Y98: 0,0.2,0,0.2,0,0.2,0,0.2,0,0.2
B99: 98 | C99: superhard | D99: 0.4 | G99: 0 | H99: 0 | I99: 0 | J99: 0 | K99: 0 | L99: 0 | M99: 0 | N99: 1 | O99: 1 | P99: 0 | Q99: 0 | R99: 0 | S99: 0 | T99: 1 | U99: 1 | V99: 2 | W99: 5 | X99: 6 | Y99: 0,0,0,0,0.025,0.084,0.183,0.52,0.188,0
B100: 99 | C100: normal | D100: 0.85 | G100: 1 | H100: 0 | I100: 0 | J100: 0 | K100: 0 | L100: 0 | M100: 0 | N100: 0 | O100: 0 | P100: 0 | Q100: 1 | R100: 1 | S100: 0 | T100: 0 | U100: 0 | V100: 3 | W100: 4 | X100: 2 | Y100: 0,0.2,0,0.2,0,0.2,0,0.2,0,0.2
B101: 100 | C101: normal | D101: 0.85 | G101: 0 | H101: 1 | I101: 0 | J101: 1 | K101: 0 | L101: 0 | M101: 1 | N101: 0 | O101: 1 | P101: 0 | Q101: 0 | R101: 0 | S101: 1 | T101: 1 | U101: 1 | V101: 3 | W101: 4 | X101: 3 | Y101: 0,0,0.018,0.042,0.109,0.159,0.213,0.282,0.121,0.056
A102: 复习关（多机制组合） | B102: 101 | C102: normal | D102: 0.85 | G102: 0 | H102: 0 | I102: 1 | J102: 0 | K102: 0 | L102: 0 | M102: 0 | N102: 0 | O102: 1 | P102: 0 | Q102: 0 | R102: 1 | S102: 1 | T102: 1 | U102: 1 | V102: 4 | W102: 4 | X102: 2 | Y102: 0,0.2,0,0.2,0,0.2,0,0.2,0,0.2
B103: 102 | C103: normal | D103: 0.85 | G103: 1 | H103: 0 | I103: 0 | J103: 0 | K103: 0 | L103: 1 | M103: 1 | N103: 0 | O103: 0 | P103: 0 | Q103: 1 | R103: 0 | S103: 1 | T103: 1 | U103: 1 | V103: 4 | W103: 4 | X103: 2 | Y103: 0,0.2,0,0.2,0,0.2,0,0.2,0,0.2
B104: 103 | C104: hard | D104: 0.6 | G104: 0 | H104: 0 | I104: 0 | J104: 0 | K104: 0 | L104: 0 | M104: 0 | N104: 0 | O104: 1 | P104: 0 | Q104: 0 | R104: 1 | S104: 1 | T104: 1 | U104: 1 | V104: 3 | W104: 4 | X104: 4 | Y104: 0,0,0.125,0.25,0.125,0,0.125,0.25,0.125,0
...

Sheet 总体配置
A1: 备注 | B1: level | C1: difficulty | D1: 3档位通关率 | E1: 关卡解锁（该关卡） | F1: 解锁系统（当前处于改关卡状态，还未进入时） | G1: Total Count | H1: Color Count | I1: Special Block | J1: F_endurance | K1: F_search | L1: F_strategy | M1: RLD Score | N1: RLD_Label | O1: 死亡类型 | P1: 死亡分布
A2: 基础教学 | B2: 1 | C2: normal | D2: 1 | G2: 200 | H2: 2 | I2: 1 | J2: =IF(G2="","",1-EXP(-G2/参数配置!O6)) -> 0.22119922 | K2: =IF(H2="","",((H2-2)/4)^2) -> 0 | L2: =IF(I2="","",1-2^(-I2)) -> 0.5 | M2: =IF(G2="","",(参数配置!O2*K2+参数配置!O3*(J2-(1-EXP(-200/参数配置!O6)))/((1-EXP(-1500/参数配置!O6))-(1-EXP(-200/参数配置!O6)))+参数配置!O4*(L2/(1-2^(-5)))+参数配置!O5*K2*(J2-(1-EXP(-200/参数配置!O6)))/((1-EXP(-1500/参数配置!O6))-(1-EXP(-200/参数配置!O6))))*100) -> 7.7419355 | N2: {=IF(G2>0,RLD_Label(G2,H2,I2),"")} -> #NAME? | O2: 1 | P2: =IFERROR(INDEX(参数配置!B:B,MATCH(O2,参数配置!A:A,0)),"") -> 平缓推进
B3: 2 | C3: normal | D3: 1 | G3: 320 | H3: 3 | I3: 0 | J3: =IF(G3="","",1-EXP(-G3/参数配置!O7)) -> #DIV/0! | K3: =IF(H3="","",((H3-2)/4)^2) -> 0.0625 | L3: =IF(I3="","",1-2^(-I3)) -> 0 | M3: =IF(G3="","",(参数配置!O3*K3+参数配置!O4*(J3-(1-EXP(-200/参数配置!O7)))/((1-EXP(-1500/参数配置!O7))-(1-EXP(-200/参数配置!O7)))+参数配置!O5*(L3/(1-2^(-5)))+参数配置!O6*K3*(J3-(1-EXP(-200/参数配置!O7)))/((1-EXP(-1500/参数配置!O7))-(1-EXP(-200/参数配置!O7))))*100) -> #DIV/0! | N3: {=IF(G3>0,RLD_Label(G3,H3,I3),"")} -> #NAME? | O3: 1 | P3: =IFERROR(INDEX(参数配置!B:B,MATCH(O3,参数配置!A:A,0)),"") -> 平缓推进
B4: 3 | C4: normal | D4: 1 | E4: 合成教学 | G4: 400 | H4: 3 | I4: 0 | J4: =IF(G4="","",1-EXP(-G4/参数配置!O8)) -> #DIV/0! | K4: =IF(H4="","",((H4-2)/4)^2) -> 0.0625 | L4: =IF(I4="","",1-2^(-I4)) -> 0 | M4: =IF(G4="","",(参数配置!O4*K4+参数配置!O5*(J4-(1-EXP(-200/参数配置!O8)))/((1-EXP(-1500/参数配置!O8))-(1-EXP(-200/参数配置!O8)))+参数配置!O6*(L4/(1-2^(-5)))+参数配置!O7*K4*(J4-(1-EXP(-200/参数配置!O8)))/((1-EXP(-1500/参数配置!O8))-(1-EXP(-200/参数配置!O8))))*100) -> #DIV/0! | N4: {=IF(G4>0,RLD_Label(G4,H4,I4),"")} -> #NAME? | O4: 1 | P4: =IFERROR(INDEX(参数配置!B:B,MATCH(O4,参数配置!A:A,0)),"") -> 平缓推进
B5: 4 | C5: normal | D5: 1 | G5: 640 | H5: 4 | I5: 0 | J5: =IF(G5="","",1-EXP(-G5/参数配置!O9)) -> #DIV/0! | K5: =IF(H5="","",((H5-2)/4)^2) -> 0.25 | L5: =IF(I5="","",1-2^(-I5)) -> 0 | M5: =IF(G5="","",(参数配置!O5*K5+参数配置!O6*(J5-(1-EXP(-200/参数配置!O9)))/((1-EXP(-1500/参数配置!O9))-(1-EXP(-200/参数配置!O9)))+参数配置!O7*(L5/(1-2^(-5)))+参数配置!O8*K5*(J5-(1-EXP(-200/参数配置!O9)))/((1-EXP(-1500/参数配置!O9))-(1-EXP(-200/参数配置!O9))))*100) -> #DIV/0! | N5: {=IF(G5>0,RLD_Label(G5,H5,I5),"")} -> #NAME? | O5: 1 | P5: =IFERROR(INDEX(参数配置!B:B,MATCH(O5,参数配置!A:A,0)),"") -> 平缓推进
B6: 5 | C6: normal | D6: 1 | E6: 大方块 | H6: =IF(ISBLANK('1-200关设定'!W6),"",'1-200关设定'!W6) -> 3 | I6: =IF(ISBLANK('1-200关设定'!V6),"",'1-200关设定'!V6) -> 1 | J6: =IF(G6="","",1-EXP(-G6/参数配置!O10)) | K6: =IF(H6="","",((H6-2)/4)^2) -> 0.0625 | L6: =IF(I6="","",1-2^(-I6)) -> 0.5 | M6: =IF(G6="","",(参数配置!O6*K6+参数配置!O7*(J6-(1-EXP(-200/参数配置!O10)))/((1-EXP(-1500/参数配置!O10))-(1-EXP(-200/参数配置!O10)))+参数配置!O8*(L6/(1-2^(-5)))+参数配置!O9*K6*(J6-(1-EXP(-200/参数配置!O10)))/((1-EXP(-1500/参数配置!O10))-(1-EXP(-200/参数配置!O10))))*100) | N6: {=IF(G6>0,RLD_Label(G6,H6,I6),"")} | O6: 1 | P6: =IFERROR(INDEX(参数配置!B:B,MATCH(O6,参数配置!A:A,0)),"") -> 平缓推进
B7: 6 | C7: normal | D7: 0.9 | H7: =IF(ISBLANK('1-200关设定'!W7),"",'1-200关设定'!W7) -> 4 | I7: =IF(ISBLANK('1-200关设定'!V7),"",'1-200关设定'!V7) -> 1 | J7: =IF(G7="","",1-EXP(-G7/参数配置!O11)) | K7: =IF(H7="","",((H7-2)/4)^2) -> 0.25 | L7: =IF(I7="","",1-2^(-I7)) -> 0.5 | M7: =IF(G7="","",(参数配置!O7*K7+参数配置!O8*(J7-(1-EXP(-200/参数配置!O11)))/((1-EXP(-1500/参数配置!O11))-(1-EXP(-200/参数配置!O11)))+参数配置!O9*(L7/(1-2^(-5)))+参数配置!O10*K7*(J7-(1-EXP(-200/参数配置!O11)))/((1-EXP(-1500/参数配置!O11))-(1-EXP(-200/参数配置!O11))))*100) | N7: {=IF(G7>0,RLD_Label(G7,H7,I7),"")} | O7: 1 | P7: =IFERROR(INDEX(参数配置!B:B,MATCH(O7,参数配置!A:A,0)),"") -> 平缓推进
B8: 7 | C8: normal | D8: 1 | E8: 问号炮台 | H8: =IF(ISBLANK('1-200关设定'!W8),"",'1-200关设定'!W8) -> 3 | I8: =IF(ISBLANK('1-200关设定'!V8),"",'1-200关设定'!V8) -> 1 | J8: =IF(G8="","",1-EXP(-G8/参数配置!O12)) | K8: =IF(H8="","",((H8-2)/4)^2) -> 0.0625 | L8: =IF(I8="","",1-2^(-I8)) -> 0.5 | M8: =IF(G8="","",(参数配置!O8*K8+参数配置!O9*(J8-(1-EXP(-200/参数配置!O12)))/((1-EXP(-1500/参数配置!O12))-(1-EXP(-200/参数配置!O12)))+参数配置!O10*(L8/(1-2^(-5)))+参数配置!O11*K8*(J8-(1-EXP(-200/参数配置!O12)))/((1-EXP(-1500/参数配置!O12))-(1-EXP(-200/参数配置!O12))))*100) | N8: {=IF(G8>0,RLD_Label(G8,H8,I8),"")} | O8: 1 | P8: =IFERROR(INDEX(参数配置!B:B,MATCH(O8,参数配置!A:A,0)),"") -> 平缓推进
B9: 8 | C9: normal | D9: 0.9 | H9: =IF(ISBLANK('1-200关设定'!W9),"",'1-200关设定'!W9) -> 4 | I9: =IF(ISBLANK('1-200关设定'!V9),"",'1-200关设定'!V9) -> 1 | J9: =IF(G9="","",1-EXP(-G9/参数配置!O13)) | K9: =IF(H9="","",((H9-2)/4)^2) -> 0.25 | L9: =IF(I9="","",1-2^(-I9)) -> 0.5 | M9: =IF(G9="","",(参数配置!O9*K9+参数配置!O10*(J9-(1-EXP(-200/参数配置!O13)))/((1-EXP(-1500/参数配置!O13))-(1-EXP(-200/参数配置!O13)))+参数配置!O11*(L9/(1-2^(-5)))+参数配置!O12*K9*(J9-(1-EXP(-200/参数配置!O13)))/((1-EXP(-1500/参数配置!O13))-(1-EXP(-200/参数配置!O13))))*100) | N9: {=IF(G9>0,RLD_Label(G9,H9,I9),"")} | O9: 1 | P9: =IFERROR(INDEX(参数配置!B:B,MATCH(O9,参数配置!A:A,0)),"") -> 平缓推进
B10: 9 | C10: normal | D10: 0.9 | H10: =IF(ISBLANK('1-200关设定'!W10),"",'1-200关设定'!W10) -> 4 | I10: =IF(ISBLANK('1-200关设定'!V10),"",'1-200关设定'!V10) -> 2 | J10: =IF(G10="","",1-EXP(-G10/参数配置!O14)) | K10: =IF(H10="","",((H10-2)/4)^2) -> 0.25 | L10: =IF(I10="","",1-2^(-I10)) -> 0.75 | M10: =IF(G10="","",(参数配置!O10*K10+参数配置!O11*(J10-(1-EXP(-200/参数配置!O14)))/((1-EXP(-1500/参数配置!O14))-(1-EXP(-200/参数配置!O14)))+参数配置!O12*(L10/(1-2^(-5)))+参数配置!O13*K10*(J10-(1-EXP(-200/参数配置!O14)))/((1-EXP(-1500/参数配置!O14))-(1-EXP(-200/参数配置!O14))))*100) | N10: {=IF(G10>0,RLD_Label(G10,H10,I10),"")} | O10: 1 | P10: =IFERROR(INDEX(参数配置!B:B,MATCH(O10,参数配置!A:A,0)),"") -> 平缓推进
B11: 10 | C11: normal | D11: 1 | E11: 三角炮台 | H11: =IF(ISBLANK('1-200关设定'!W11),"",'1-200关设定'!W11) -> 3 | I11: =IF(ISBLANK('1-200关设定'!V11),"",'1-200关设定'!V11) -> 1 | J11: =IF(G11="","",1-EXP(-G11/参数配置!O15)) | K11: =IF(H11="","",((H11-2)/4)^2) -> 0.0625 | L11: =IF(I11="","",1-2^(-I11)) -> 0.5 | M11: =IF(G11="","",(参数配置!O11*K11+参数配置!O12*(J11-(1-EXP(-200/参数配置!O15)))/((1-EXP(-1500/参数配置!O15))-(1-EXP(-200/参数配置!O15)))+参数配置!O13*(L11/(1-2^(-5)))+参数配置!O14*K11*(J11-(1-EXP(-200/参数配置!O15)))/((1-EXP(-1500/参数配置!O15))-(1-EXP(-200/参数配置!O15))))*100) | N11: {=IF(G11>0,RLD_Label(G11,H11,I11),"")} | O11: 1 | P11: =IFERROR(INDEX(参数配置!B:B,MATCH(O11,参数配置!A:A,0)),"") -> 平缓推进
B12: 11 | C12: normal | D12: 0.9 | H12: =IF(ISBLANK('1-200关设定'!W12),"",'1-200关设定'!W12) -> 4 | I12: =IF(ISBLANK('1-200关设定'!V12),"",'1-200关设定'!V12) -> 2 | J12: =IF(G12="","",1-EXP(-G12/参数配置!O16)) | K12: =IF(H12="","",((H12-2)/4)^2) -> 0.25 | L12: =IF(I12="","",1-2^(-I12)) -> 0.75 | M12: =IF(G12="","",(参数配置!O12*K12+参数配置!O13*(J12-(1-EXP(-200/参数配置!O16)))/((1-EXP(-1500/参数配置!O16))-(1-EXP(-200/参数配置!O16)))+参数配置!O14*(L12/(1-2^(-5)))+参数配置!O15*K12*(J12-(1-EXP(-200/参数配置!O16)))/((1-EXP(-1500/参数配置!O16))-(1-EXP(-200/参数配置!O16))))*100) | N12: {=IF(G12>0,RLD_Label(G12,H12,I12),"")} | O12: 1 | P12: =IFERROR(INDEX(参数配置!B:B,MATCH(O12,参数配置!A:A,0)),"") -> 平缓推进
B13: 12 | C13: normal | D13: 0.9 | H13: =IF(ISBLANK('1-200关设定'!W13),"",'1-200关设定'!W13) -> 4 | I13: =IF(ISBLANK('1-200关设定'!V13),"",'1-200关设定'!V13) -> 2 | J13: =IF(G13="","",1-EXP(-G13/参数配置!O17)) | K13: =IF(H13="","",((H13-2)/4)^2) -> 0.25 | L13: =IF(I13="","",1-2^(-I13)) -> 0.75 | M13: =IF(G13="","",(参数配置!O13*K13+参数配置!O14*(J13-(1-EXP(-200/参数配置!O17)))/((1-EXP(-1500/参数配置!O17))-(1-EXP(-200/参数配置!O17)))+参数配置!O15*(L13/(1-2^(-5)))+参数配置!O16*K13*(J13-(1-EXP(-200/参数配置!O17)))/((1-EXP(-1500/参数配置!O17))-(1-EXP(-200/参数配置!O17))))*100) | N13: {=IF(G13>0,RLD_Label(G13,H13,I13),"")} | O13: 1 | P13: =IFERROR(INDEX(参数配置!B:B,MATCH(O13,参数配置!A:A,0)),"") -> 平缓推进
B14: 13 | C14: normal | D14: 0.9 | E14: 磁铁道具指引 | H14: =IF(ISBLANK('1-200关设定'!W14),"",'1-200关设定'!W14) -> 5 | I14: =IF(ISBLANK('1-200关设定'!V14),"",'1-200关设定'!V14) -> 0 | J14: =IF(G14="","",1-EXP(-G14/参数配置!O18)) | K14: =IF(H14="","",((H14-2)/4)^2) -> 0.5625 | L14: =IF(I14="","",1-2^(-I14)) -> 0 | M14: =IF(G14="","",(参数配置!O14*K14+参数配置!O15*(J14-(1-EXP(-200/参数配置!O18)))/((1-EXP(-1500/参数配置!O18))-(1-EXP(-200/参数配置!O18)))+参数配置!O16*(L14/(1-2^(-5)))+参数配置!O17*K14*(J14-(1-EXP(-200/参数配置!O18)))/((1-EXP(-1500/参数配置!O18))-(1-EXP(-200/参数配置!O18))))*100) | N14: {=IF(G14>0,RLD_Label(G14,H14,I14),"")} | O14: 1 | P14: =IFERROR(INDEX(参数配置!B:B,MATCH(O14,参数配置!A:A,0)),"") -> 平缓推进
B15: 14 | C15: hard | D15: 0.7 | H15: =IF(ISBLANK('1-200关设定'!W15),"",'1-200关设定'!W15) -> 4 | I15: =IF(ISBLANK('1-200关设定'!V15),"",'1-200关设定'!V15) -> 3 | J15: =IF(G15="","",1-EXP(-G15/参数配置!O19)) | K15: =IF(H15="","",((H15-2)/4)^2) -> 0.25 | L15: =IF(I15="","",1-2^(-I15)) -> 0.875 | M15: =IF(G15="","",(参数配置!O15*K15+参数配置!O16*(J15-(1-EXP(-200/参数配置!O19)))/((1-EXP(-1500/参数配置!O19))-(1-EXP(-200/参数配置!O19)))+参数配置!O17*(L15/(1-2^(-5)))+参数配置!O18*K15*(J15-(1-EXP(-200/参数配置!O19)))/((1-EXP(-1500/参数配置!O19))-(1-EXP(-200/参数配置!O19))))*100) | N15: {=IF(G15>0,RLD_Label(G15,H15,I15),"")} | O15: 1 | P15: =IFERROR(INDEX(参数配置!B:B,MATCH(O15,参数配置!A:A,0)),"") -> 平缓推进
B16: 15 | C16: normal | D16: 0.85 | F16: 开始：新手签到+每日签到 | H16: =IF(ISBLANK('1-200关设定'!W16),"",'1-200关设定'!W16) -> 4 | I16: =IF(ISBLANK('1-200关设定'!V16),"",'1-200关设定'!V16) -> 1 | J16: =IF(G16="","",1-EXP(-G16/参数配置!O20)) | K16: =IF(H16="","",((H16-2)/4)^2) -> 0.25 | L16: =IF(I16="","",1-2^(-I16)) -> 0.5 | M16: =IF(G16="","",(参数配置!O16*K16+参数配置!O17*(J16-(1-EXP(-200/参数配置!O20)))/((1-EXP(-1500/参数配置!O20))-(1-EXP(-200/参数配置!O20)))+参数配置!O18*(L16/(1-2^(-5)))+参数配置!O19*K16*(J16-(1-EXP(-200/参数配置!O20)))/((1-EXP(-1500/参数配置!O20))-(1-EXP(-200/参数配置!O20))))*100) | N16: {=IF(G16>0,RLD_Label(G16,H16,I16),"")} | O16: 1 | P16: =IFERROR(INDEX(参数配置!B:B,MATCH(O16,参数配置!A:A,0)),"") -> 平缓推进
B17: 16 | C17: normal | D17: 0.85 | E17: 得分小猪 | H17: =IF(ISBLANK('1-200关设定'!W17),"",'1-200关设定'!W17) -> 3 | I17: =IF(ISBLANK('1-200关设定'!V17),"",'1-200关设定'!V17) -> 0 | J17: =IF(G17="","",1-EXP(-G17/参数配置!O21)) | K17: =IF(H17="","",((H17-2)/4)^2) -> 0.0625 | L17: =IF(I17="","",1-2^(-I17)) -> 0 | M17: =IF(G17="","",(参数配置!O17*K17+参数配置!O18*(J17-(1-EXP(-200/参数配置!O21)))/((1-EXP(-1500/参数配置!O21))-(1-EXP(-200/参数配置!O21)))+参数配置!O19*(L17/(1-2^(-5)))+参数配置!O20*K17*(J17-(1-EXP(-200/参数配置!O21)))/((1-EXP(-1500/参数配置!O21))-(1-EXP(-200/参数配置!O21))))*100) | N17: {=IF(G17>0,RLD_Label(G17,H17,I17),"")} | O17: 1 | P17: =IFERROR(INDEX(参数配置!B:B,MATCH(O17,参数配置!A:A,0)),"") -> 平缓推进
B18: 17 | C18: normal | D18: 0.85 | H18: =IF(ISBLANK('1-200关设定'!W18),"",'1-200关设定'!W18) -> 4 | I18: =IF(ISBLANK('1-200关设定'!V18),"",'1-200关设定'!V18) -> 2 | J18: =IF(G18="","",1-EXP(-G18/参数配置!O22)) | K18: =IF(H18="","",((H18-2)/4)^2) -> 0.25 | L18: =IF(I18="","",1-2^(-I18)) -> 0.75 | M18: =IF(G18="","",(参数配置!O18*K18+参数配置!O19*(J18-(1-EXP(-200/参数配置!O22)))/((1-EXP(-1500/参数配置!O22))-(1-EXP(-200/参数配置!O22)))+参数配置!O20*(L18/(1-2^(-5)))+参数配置!O21*K18*(J18-(1-EXP(-200/参数配置!O22)))/((1-EXP(-1500/参数配置!O22))-(1-EXP(-200/参数配置!O22))))*100) | N18: {=IF(G18>0,RLD_Label(G18,H18,I18),"")} | O18: 1 | P18: =IFERROR(INDEX(参数配置!B:B,MATCH(O18,参数配置!A:A,0)),"") -> 平缓推进
B19: 18 | C19: normal | D19: 0.85 | E19: 魔法棒道具指引 | H19: =IF(ISBLANK('1-200关设定'!W19),"",'1-200关设定'!W19) -> 5 | I19: =IF(ISBLANK('1-200关设定'!V19),"",'1-200关设定'!V19) -> 2 | J19: =IF(G19="","",1-EXP(-G19/参数配置!O23)) | K19: =IF(H19="","",((H19-2)/4)^2) -> 0.5625 | L19: =IF(I19="","",1-2^(-I19)) -> 0.75 | M19: =IF(G19="","",(参数配置!O19*K19+参数配置!O20*(J19-(1-EXP(-200/参数配置!O23)))/((1-EXP(-1500/参数配置!O23))-(1-EXP(-200/参数配置!O23)))+参数配置!O21*(L19/(1-2^(-5)))+参数配置!O22*K19*(J19-(1-EXP(-200/参数配置!O23)))/((1-EXP(-1500/参数配置!O23))-(1-EXP(-200/参数配置!O23))))*100) | N19: {=IF(G19>0,RLD_Label(G19,H19,I19),"")} | O19: 1 | P19: =IFERROR(INDEX(参数配置!B:B,MATCH(O19,参数配置!A:A,0)),"") -> 平缓推进
B20: 19 | C20: hard | D20: 0.6 | F20: 结算：双倍金币出现，fail offer | H20: =IF(ISBLANK('1-200关设定'!W20),"",'1-200关设定'!W20) -> 5 | I20: =IF(ISBLANK('1-200关设定'!V20),"",'1-200关设定'!V20) -> 1 | J20: =IF(G20="","",1-EXP(-G20/参数配置!O24)) | K20: =IF(H20="","",((H20-2)/4)^2) -> 0.5625 | L20: =IF(I20="","",1-2^(-I20)) -> 0.5 | M20: =IF(G20="","",(参数配置!O20*K20+参数配置!O21*(J20-(1-EXP(-200/参数配置!O24)))/((1-EXP(-1500/参数配置!O24))-(1-EXP(-200/参数配置!O24)))+参数配置!O22*(L20/(1-2^(-5)))+参数配置!O23*K20*(J20-(1-EXP(-200/参数配置!O24)))/((1-EXP(-1500/参数配置!O24))-(1-EXP(-200/参数配置!O24))))*100) | N20: {=IF(G20>0,RLD_Label(G20,H20,I20),"")} | O20: 2 | P20: =IFERROR(INDEX(参数配置!B:B,MATCH(O20,参数配置!A:A,0)),"") -> 波动前进
B21: 20 | C21: superhard | D21: 0.4 | H21: =IF(ISBLANK('1-200关设定'!W21),"",'1-200关设定'!W21) -> 4 | I21: =IF(ISBLANK('1-200关设定'!V21),"",'1-200关设定'!V21) -> 3 | J21: =IF(G21="","",1-EXP(-G21/参数配置!O25)) | K21: =IF(H21="","",((H21-2)/4)^2) -> 0.25 | L21: =IF(I21="","",1-2^(-I21)) -> 0.875 | M21: =IF(G21="","",(参数配置!O21*K21+参数配置!O22*(J21-(1-EXP(-200/参数配置!O25)))/((1-EXP(-1500/参数配置!O25))-(1-EXP(-200/参数配置!O25)))+参数配置!O23*(L21/(1-2^(-5)))+参数配置!O24*K21*(J21-(1-EXP(-200/参数配置!O25)))/((1-EXP(-1500/参数配置!O25))-(1-EXP(-200/参数配置!O25))))*100) | N21: {=IF(G21>0,RLD_Label(G21,H21,I21),"")} | O21: 3 | P21: =IFERROR(INDEX(参数配置!B:B,MATCH(O21,参数配置!A:A,0)),"") -> 阶梯上升
A22: 相连炮台 | B22: 21 | C22: normal | D22: 1 | E22: 相连炮台 | H22: =IF(ISBLANK('1-200关设定'!W22),"",'1-200关设定'!W22) -> 3 | I22: =IF(ISBLANK('1-200关设定'!V22),"",'1-200关设定'!V22) -> 1 | J22: =IF(G22="","",1-EXP(-G22/参数配置!O26)) | K22: =IF(H22="","",((H22-2)/4)^2) -> 0.0625 | L22: =IF(I22="","",1-2^(-I22)) -> 0.5 | M22: =IF(G22="","",(参数配置!O22*K22+参数配置!O23*(J22-(1-EXP(-200/参数配置!O26)))/((1-EXP(-1500/参数配置!O26))-(1-EXP(-200/参数配置!O26)))+参数配置!O24*(L22/(1-2^(-5)))+参数配置!O25*K22*(J22-(1-EXP(-200/参数配置!O26)))/((1-EXP(-1500/参数配置!O26))-(1-EXP(-200/参数配置!O26))))*100) | N22: {=IF(G22>0,RLD_Label(G22,H22,I22),"")} | O22: 1 | P22: =IFERROR(INDEX(参数配置!B:B,MATCH(O22,参数配置!A:A,0)),"") -> 平缓推进
B23: 22 | C23: normal | D23: 0.85 | H23: =IF(ISBLANK('1-200关设定'!W23),"",'1-200关设定'!W23) -> 4 | I23: =IF(ISBLANK('1-200关设定'!V23),"",'1-200关设定'!V23) -> 1 | J23: =IF(G23="","",1-EXP(-G23/参数配置!O27)) | K23: =IF(H23="","",((H23-2)/4)^2) -> 0.25 | L23: =IF(I23="","",1-2^(-I23)) -> 0.5 | M23: =IF(G23="","",(参数配置!O23*K23+参数配置!O24*(J23-(1-EXP(-200/参数配置!O27)))/((1-EXP(-1500/参数配置!O27))-(1-EXP(-200/参数配置!O27)))+参数配置!O25*(L23/(1-2^(-5)))+参数配置!O26*K23*(J23-(1-EXP(-200/参数配置!O27)))/((1-EXP(-1500/参数配置!O27))-(1-EXP(-200/参数配置!O27))))*100) | N23: {=IF(G23>0,RLD_Label(G23,H23,I23),"")} | O23: 1 | P23: =IFERROR(INDEX(参数配置!B:B,MATCH(O23,参数配置!A:A,0)),"") -> 平缓推进
B24: 23 | C24: normal | D24: 0.85 | E24: 锤子道具指引 | H24: =IF(ISBLANK('1-200关设定'!W24),"",'1-200关设定'!W24) -> 4 | I24: =IF(ISBLANK('1-200关设定'!V24),"",'1-200关设定'!V24) -> 1 | J24: =IF(G24="","",1-EXP(-G24/参数配置!O28)) | K24: =IF(H24="","",((H24-2)/4)^2) -> 0.25 | L24: =IF(I24="","",1-2^(-I24)) -> 0.5 | M24: =IF(G24="","",(参数配置!O24*K24+参数配置!O25*(J24-(1-EXP(-200/参数配置!O28)))/((1-EXP(-1500/参数配置!O28))-(1-EXP(-200/参数配置!O28)))+参数配置!O26*(L24/(1-2^(-5)))+参数配置!O27*K24*(J24-(1-EXP(-200/参数配置!O28)))/((1-EXP(-1500/参数配置!O28))-(1-EXP(-200/参数配置!O28))))*100) | N24: {=IF(G24>0,RLD_Label(G24,H24,I24),"")} | O24: 2 | P24: =IFERROR(INDEX(参数配置!B:B,MATCH(O24,参数配置!A:A,0)),"") -> 波动前进
B25: 24 | C25: hard | D25: 0.6 | F25: 结算：强制出现广告+免广告系统推送+商店上架免广告pass | H25: =IF(ISBLANK('1-200关设定'!W25),"",'1-200关设定'!W25) -> 5 | I25: =IF(ISBLANK('1-200关设定'!V25),"",'1-200关设定'!V25) -> 3 | J25: =IF(G25="","",1-EXP(-G25/参数配置!O29)) | K25: =IF(H25="","",((H25-2)/4)^2) -> 0.5625 | L25: =IF(I25="","",1-2^(-I25)) -> 0.875 | M25: =IF(G25="","",(参数配置!O25*K25+参数配置!O26*(J25-(1-EXP(-200/参数配置!O29)))/((1-EXP(-1500/参数配置!O29))-(1-EXP(-200/参数配置!O29)))+参数配置!O27*(L25/(1-2^(-5)))+参数配置!O28*K25*(J25-(1-EXP(-200/参数配置!O29)))/((1-EXP(-1500/参数配置!O29))-(1-EXP(-200/参数配置!O29))))*100) | N25: {=IF(G25>0,RLD_Label(G25,H25,I25),"")} | O25: 2 | P25: =IFERROR(INDEX(参数配置!B:B,MATCH(O25,参数配置!A:A,0)),"") -> 波动前进
B26: 25 | C26: normal | D26: 0.85 | F26: 开始：任务 | H26: =IF(ISBLANK('1-200关设定'!W26),"",'1-200关设定'!W26) -> 3 | I26: =IF(ISBLANK('1-200关设定'!V26),"",'1-200关设定'!V26) -> 2 | J26: =IF(G26="","",1-EXP(-G26/参数配置!O30)) | K26: =IF(H26="","",((H26-2)/4)^2) -> 0.0625 | L26: =IF(I26="","",1-2^(-I26)) -> 0.75 | M26: =IF(G26="","",(参数配置!O26*K26+参数配置!O27*(J26-(1-EXP(-200/参数配置!O30)))/((1-EXP(-1500/参数配置!O30))-(1-EXP(-200/参数配置!O30)))+参数配置!O28*(L26/(1-2^(-5)))+参数配置!O29*K26*(J26-(1-EXP(-200/参数配置!O30)))/((1-EXP(-1500/参数配置!O30))-(1-EXP(-200/参数配置!O30))))*100) | N26: {=IF(G26>0,RLD_Label(G26,H26,I26),"")} | O26: 1 | P26: =IFERROR(INDEX(参数配置!B:B,MATCH(O26,参数配置!A:A,0)),"") -> 平缓推进
B27: 26 | C27: normal | D27: 0.85 | E27: 回溯道具指引 | H27: =IF(ISBLANK('1-200关设定'!W27),"",'1-200关设定'!W27) -> 4 | I27: =IF(ISBLANK('1-200关设定'!V27),"",'1-200关设定'!V27) -> 2 | J27: =IF(G27="","",1-EXP(-G27/参数配置!O31)) | K27: =IF(H27="","",((H27-2)/4)^2) -> 0.25 | L27: =IF(I27="","",1-2^(-I27)) -> 0.75 | M27: =IF(G27="","",(参数配置!O27*K27+参数配置!O28*(J27-(1-EXP(-200/参数配置!O31)))/((1-EXP(-1500/参数配置!O31))-(1-EXP(-200/参数配置!O31)))+参数配置!O29*(L27/(1-2^(-5)))+参数配置!O30*K27*(J27-(1-EXP(-200/参数配置!O31)))/((1-EXP(-1500/参数配置!O31))-(1-EXP(-200/参数配置!O31))))*100) | N27: {=IF(G27>0,RLD_Label(G27,H27,I27),"")} | O27: 1 | P27: =IFERROR(INDEX(参数配置!B:B,MATCH(O27,参数配置!A:A,0)),"") -> 平缓推进
B28: 27 | C28: hard | D28: 0.6 | H28: =IF(ISBLANK('1-200关设定'!W28),"",'1-200关设定'!W28) -> 4 | I28: =IF(ISBLANK('1-200关设定'!V28),"",'1-200关设定'!V28) -> 4 | J28: =IF(G28="","",1-EXP(-G28/参数配置!O32)) | K28: =IF(H28="","",((H28-2)/4)^2) -> 0.25 | L28: =IF(I28="","",1-2^(-I28)) -> 0.9375 | M28: =IF(G28="","",(参数配置!O28*K28+参数配置!O29*(J28-(1-EXP(-200/参数配置!O32)))/((1-EXP(-1500/参数配置!O32))-(1-EXP(-200/参数配置!O32)))+参数配置!O30*(L28/(1-2^(-5)))+参数配置!O31*K28*(J28-(1-EXP(-200/参数配置!O32)))/((1-EXP(-1500/参数配置!O32))-(1-EXP(-200/参数配置!O32))))*100) | N28: {=IF(G28>0,RLD_Label(G28,H28,I28),"")} | O28: 2 | P28: =IFERROR(INDEX(参数配置!B:B,MATCH(O28,参数配置!A:A,0)),"") -> 波动前进
B29: 28 | C29: normal | D29: 0.85 | H29: =IF(ISBLANK('1-200关设定'!W29),"",'1-200关设定'!W29) -> 3 | I29: =IF(ISBLANK('1-200关设定'!V29),"",'1-200关设定'!V29) -> 2 | J29: =IF(G29="","",1-EXP(-G29/参数配置!O33)) | K29: =IF(H29="","",((H29-2)/4)^2) -> 0.0625 | L29: =IF(I29="","",1-2^(-I29)) -> 0.75 | M29: =IF(G29="","",(参数配置!O29*K29+参数配置!O30*(J29-(1-EXP(-200/参数配置!O33)))/((1-EXP(-1500/参数配置!O33))-(1-EXP(-200/参数配置!O33)))+参数配置!O31*(L29/(1-2^(-5)))+参数配置!O32*K29*(J29-(1-EXP(-200/参数配置!O33)))/((1-EXP(-1500/参数配置!O33))-(1-EXP(-200/参数配置!O33))))*100) | N29: {=IF(G29>0,RLD_Label(G29,H29,I29),"")} | O29: 1 | P29: =IFERROR(INDEX(参数配置!B:B,MATCH(O29,参数配置!A:A,0)),"") -> 平缓推进
B30: 29 | C30: normal | D30: 0.85 | H30: =IF(ISBLANK('1-200关设定'!W30),"",'1-200关设定'!W30) -> 4 | I30: =IF(ISBLANK('1-200关设定'!V30),"",'1-200关设定'!V30) -> 2 | J30: =IF(G30="","",1-EXP(-G30/参数配置!O34)) | K30: =IF(H30="","",((H30-2)/4)^2) -> 0.25 | L30: =IF(I30="","",1-2^(-I30)) -> 0.75 | M30: =IF(G30="","",(参数配置!O30*K30+参数配置!O31*(J30-(1-EXP(-200/参数配置!O34)))/((1-EXP(-1500/参数配置!O34))-(1-EXP(-200/参数配置!O34)))+参数配置!O32*(L30/(1-2^(-5)))+参数配置!O33*K30*(J30-(1-EXP(-200/参数配置!O34)))/((1-EXP(-1500/参数配置!O34))-(1-EXP(-200/参数配置!O34))))*100) | N30: {=IF(G30>0,RLD_Label(G30,H30,I30),"")} | O30: 1 | P30: =IFERROR(INDEX(参数配置!B:B,MATCH(O30,参数配置!A:A,0)),"") -> 平缓推进
B31: 30 | C31: superhard | D31: 0.4 | H31: =IF(ISBLANK('1-200关设定'!W31),"",'1-200关设定'!W31) -> 4 | I31: =IF(ISBLANK('1-200关设定'!V31),"",'1-200关设定'!V31) -> 2 | J31: =IF(G31="","",1-EXP(-G31/参数配置!O35)) | K31: =IF(H31="","",((H31-2)/4)^2) -> 0.25 | L31: =IF(I31="","",1-2^(-I31)) -> 0.75 | M31: =IF(G31="","",(参数配置!O31*K31+参数配置!O32*(J31-(1-EXP(-200/参数配置!O35)))/((1-EXP(-1500/参数配置!O35))-(1-EXP(-200/参数配置!O35)))+参数配置!O33*(L31/(1-2^(-5)))+参数配置!O34*K31*(J31-(1-EXP(-200/参数配置!O35)))/((1-EXP(-1500/参数配置!O35))-(1-EXP(-200/参数配置!O35))))*100) | N31: {=IF(G31>0,RLD_Label(G31,H31,I31),"")} | O31: 3 | P31: =IFERROR(INDEX(参数配置!B:B,MATCH(O31,参数配置!A:A,0)),"") -> 阶梯上升
B32: 31 | C32: normal | D32: 0.85 | H32: =IF(ISBLANK('1-200关设定'!W32),"",'1-200关设定'!W32) -> 4 | I32: =IF(ISBLANK('1-200关设定'!V32),"",'1-200关设定'!V32) -> 2 | J32: =IF(G32="","",1-EXP(-G32/参数配置!O36)) | K32: =IF(H32="","",((H32-2)/4)^2) -> 0.25 | L32: =IF(I32="","",1-2^(-I32)) -> 0.75 | M32: =IF(G32="","",(参数配置!O32*K32+参数配置!O33*(J32-(1-EXP(-200/参数配置!O36)))/((1-EXP(-1500/参数配置!O36))-(1-EXP(-200/参数配置!O36)))+参数配置!O34*(L32/(1-2^(-5)))+参数配置!O35*K32*(J32-(1-EXP(-200/参数配置!O36)))/((1-EXP(-1500/参数配置!O36))-(1-EXP(-200/参数配置!O36))))*100) | N32: {=IF(G32>0,RLD_Label(G32,H32,I32),"")} | O32: 1 | P32: =IFERROR(INDEX(参数配置!B:B,MATCH(O32,参数配置!A:A,0)),"") -> 平缓推进
B33: 32 | C33: normal | D33: 0.85 | H33: =IF(ISBLANK('1-200关设定'!W33),"",'1-200关设定'!W33) -> 3 | I33: =IF(ISBLANK('1-200关设定'!V33),"",'1-200关设定'!V33) -> 1 | J33: =IF(G33="","",1-EXP(-G33/参数配置!O37)) | K33: =IF(H33="","",((H33-2)/4)^2) -> 0.0625 | L33: =IF(I33="","",1-2^(-I33)) -> 0.5 | M33: =IF(G33="","",(参数配置!O33*K33+参数配置!O34*(J33-(1-EXP(-200/参数配置!O37)))/((1-EXP(-1500/参数配置!O37))-(1-EXP(-200/参数配置!O37)))+参数配置!O35*(L33/(1-2^(-5)))+参数配置!O36*K33*(J33-(1-EXP(-200/参数配置!O37)))/((1-EXP(-1500/参数配置!O37))-(1-EXP(-200/参数配置!O37))))*100) | N33: {=IF(G33>0,RLD_Label(G33,H33,I33),"")} | O33: 1 | P33: =IFERROR(INDEX(参数配置!B:B,MATCH(O33,参数配置!A:A,0)),"") -> 平缓推进
B34: 33 | C34: normal | D34: 0.85 | H34: =IF(ISBLANK('1-200关设定'!W34),"",'1-200关设定'!W34) -> 4 | I34: =IF(ISBLANK('1-200关设定'!V34),"",'1-200关设定'!V34) -> 2 | J34: =IF(G34="","",1-EXP(-G34/参数配置!O38)) | K34: =IF(H34="","",((H34-2)/4)^2) -> 0.25 | L34: =IF(I34="","",1-2^(-I34)) -> 0.75 | M34: =IF(G34="","",(参数配置!O34*K34+参数配置!O35*(J34-(1-EXP(-200/参数配置!O38)))/((1-EXP(-1500/参数配置!O38))-(1-EXP(-200/参数配置!O38)))+参数配置!O36*(L34/(1-2^(-5)))+参数配置!O37*K34*(J34-(1-EXP(-200/参数配置!O38)))/((1-EXP(-1500/参数配置!O38))-(1-EXP(-200/参数配置!O38))))*100) | N34: {=IF(G34>0,RLD_Label(G34,H34,I34),"")} | O34: 2 | P34: =IFERROR(INDEX(参数配置!B:B,MATCH(O34,参数配置!A:A,0)),"") -> 波动前进
B35: 34 | C35: normal | D35: 0.85 | E35: 门 | H35: =IF(ISBLANK('1-200关设定'!W35),"",'1-200关设定'!W35) -> 3 | I35: =IF(ISBLANK('1-200关设定'!V35),"",'1-200关设定'!V35) -> 1 | J35: =IF(G35="","",1-EXP(-G35/参数配置!O39)) | K35: =IF(H35="","",((H35-2)/4)^2) -> 0.0625 | L35: =IF(I35="","",1-2^(-I35)) -> 0.5 | M35: =IF(G35="","",(参数配置!O35*K35+参数配置!O36*(J35-(1-EXP(-200/参数配置!O39)))/((1-EXP(-1500/参数配置!O39))-(1-EXP(-200/参数配置!O39)))+参数配置!O37*(L35/(1-2^(-5)))+参数配置!O38*K35*(J35-(1-EXP(-200/参数配置!O39)))/((1-EXP(-1500/参数配置!O39))-(1-EXP(-200/参数配置!O39))))*100) | N35: {=IF(G35>0,RLD_Label(G35,H35,I35),"")} | O35: 1 | P35: =IFERROR(INDEX(参数配置!B:B,MATCH(O35,参数配置!A:A,0)),"") -> 平缓推进
B36: 35 | C36: normal | D36: 0.85 | F36: 开始：通行证+商店上架通行证 | H36: =IF(ISBLANK('1-200关设定'!W36),"",'1-200关设定'!W36) -> 4 | I36: =IF(ISBLANK('1-200关设定'!V36),"",'1-200关设定'!V36) -> 2 | J36: =IF(G36="","",1-EXP(-G36/参数配置!O40)) | K36: =IF(H36="","",((H36-2)/4)^2) -> 0.25 | L36: =IF(I36="","",1-2^(-I36)) -> 0.75 | M36: =IF(G36="","",(参数配置!O36*K36+参数配置!O37*(J36-(1-EXP(-200/参数配置!O40)))/((1-EXP(-1500/参数配置!O40))-(1-EXP(-200/参数配置!O40)))+参数配置!O38*(L36/(1-2^(-5)))+参数配置!O39*K36*(J36-(1-EXP(-200/参数配置!O40)))/((1-EXP(-1500/参数配置!O40))-(1-EXP(-200/参数配置!O40))))*100) | N36: {=IF(G36>0,RLD_Label(G36,H36,I36),"")} | O36: 1 | P36: =IFERROR(INDEX(参数配置!B:B,MATCH(O36,参数配置!A:A,0)),"") -> 平缓推进
B37: 36 | C37: normal | D37: 0.85 | H37: =IF(ISBLANK('1-200关设定'!W37),"",'1-200关设定'!W37) -> 3 | I37: =IF(ISBLANK('1-200关设定'!V37),"",'1-200关设定'!V37) -> 2 | J37: =IF(G37="","",1-EXP(-G37/参数配置!O41)) | K37: =IF(H37="","",((H37-2)/4)^2) -> 0.0625 | L37: =IF(I37="","",1-2^(-I37)) -> 0.75 | M37: =IF(G37="","",(参数配置!O37*K37+参数配置!O38*(J37-(1-EXP(-200/参数配置!O41)))/((1-EXP(-1500/参数配置!O41))-(1-EXP(-200/参数配置!O41)))+参数配置!O39*(L37/(1-2^(-5)))+参数配置!O40*K37*(J37-(1-EXP(-200/参数配置!O41)))/((1-EXP(-1500/参数配置!O41))-(1-EXP(-200/参数配置!O41))))*100) | N37: {=IF(G37>0,RLD_Label(G37,H37,I37),"")} | O37: 2 | P37: =IFERROR(INDEX(参数配置!B:B,MATCH(O37,参数配置!A:A,0)),"") -> 波动前进
B38: 37 | C38: normal | D38: 0.85 | H38: =IF(ISBLANK('1-200关设定'!W38),"",'1-200关设定'!W38) -> 4 | I38: =IF(ISBLANK('1-200关设定'!V38),"",'1-200关设定'!V38) -> 2 | J38: =IF(G38="","",1-EXP(-G38/参数配置!O42)) | K38: =IF(H38="","",((H38-2)/4)^2) -> 0.25 | L38: =IF(I38="","",1-2^(-I38)) -> 0.75 | M38: =IF(G38="","",(参数配置!O38*K38+参数配置!O39*(J38-(1-EXP(-200/参数配置!O42)))/((1-EXP(-1500/参数配置!O42))-(1-EXP(-200/参数配置!O42)))+参数配置!O40*(L38/(1-2^(-5)))+参数配置!O41*K38*(J38-(1-EXP(-200/参数配置!O42)))/((1-EXP(-1500/参数配置!O42))-(1-EXP(-200/参数配置!O42))))*100) | N38: {=IF(G38>0,RLD_Label(G38,H38,I38),"")} | O38: 1 | P38: =IFERROR(INDEX(参数配置!B:B,MATCH(O38,参数配置!A:A,0)),"") -> 平缓推进
B39: 38 | C39: hard | D39: 0.6 | H39: =IF(ISBLANK('1-200关设定'!W39),"",'1-200关设定'!W39) -> 4 | I39: =IF(ISBLANK('1-200关设定'!V39),"",'1-200关设定'!V39) -> 3 | J39: =IF(G39="","",1-EXP(-G39/参数配置!O43)) | K39: =IF(H39="","",((H39-2)/4)^2) -> 0.25 | L39: =IF(I39="","",1-2^(-I39)) -> 0.875 | M39: =IF(G39="","",(参数配置!O39*K39+参数配置!O40*(J39-(1-EXP(-200/参数配置!O43)))/((1-EXP(-1500/参数配置!O43))-(1-EXP(-200/参数配置!O43)))+参数配置!O41*(L39/(1-2^(-5)))+参数配置!O42*K39*(J39-(1-EXP(-200/参数配置!O43)))/((1-EXP(-1500/参数配置!O43))-(1-EXP(-200/参数配置!O43))))*100) | N39: {=IF(G39>0,RLD_Label(G39,H39,I39),"")} | O39: 1 | P39: =IFERROR(INDEX(参数配置!B:B,MATCH(O39,参数配置!A:A,0)),"") -> 平缓推进
B40: 39 | C40: normal | D40: 0.85 | H40: =IF(ISBLANK('1-200关设定'!W40),"",'1-200关设定'!W40) -> 4 | I40: =IF(ISBLANK('1-200关设定'!V40),"",'1-200关设定'!V40) -> 2 | J40: =IF(G40="","",1-EXP(-G40/参数配置!O44)) | K40: =IF(H40="","",((H40-2)/4)^2) -> 0.25 | L40: =IF(I40="","",1-2^(-I40)) -> 0.75 | M40: =IF(G40="","",(参数配置!O40*K40+参数配置!O41*(J40-(1-EXP(-200/参数配置!O44)))/((1-EXP(-1500/参数配置!O44))-(1-EXP(-200/参数配置!O44)))+参数配置!O42*(L40/(1-2^(-5)))+参数配置!O43*K40*(J40-(1-EXP(-200/参数配置!O44)))/((1-EXP(-1500/参数配置!O44))-(1-EXP(-200/参数配置!O44))))*100) | N40: {=IF(G40>0,RLD_Label(G40,H40,I40),"")} | O40: 2 | P40: =IFERROR(INDEX(参数配置!B:B,MATCH(O40,参数配置!A:A,0)),"") -> 波动前进
B41: 40 | C41: normal | D41: 0.85 | H41: =IF(ISBLANK('1-200关设定'!W41),"",'1-200关设定'!W41) -> 4 | I41: =IF(ISBLANK('1-200关设定'!V41),"",'1-200关设定'!V41) -> 2 | J41: =IF(G41="","",1-EXP(-G41/参数配置!O45)) | K41: =IF(H41="","",((H41-2)/4)^2) -> 0.25 | L41: =IF(I41="","",1-2^(-I41)) -> 0.75 | M41: =IF(G41="","",(参数配置!O41*K41+参数配置!O42*(J41-(1-EXP(-200/参数配置!O45)))/((1-EXP(-1500/参数配置!O45))-(1-EXP(-200/参数配置!O45)))+参数配置!O43*(L41/(1-2^(-5)))+参数配置!O44*K41*(J41-(1-EXP(-200/参数配置!O45)))/((1-EXP(-1500/参数配置!O45))-(1-EXP(-200/参数配置!O45))))*100) | N41: {=IF(G41>0,RLD_Label(G41,H41,I41),"")} | O41: 3 | P41: =IFERROR(INDEX(参数配置!B:B,MATCH(O41,参数配置!A:A,0)),"") -> 阶梯上升
B42: 41 | C42: normal | D42: 0.85 | H42: =IF(ISBLANK('1-200关设定'!W42),"",'1-200关设定'!W42) -> 5 | I42: =IF(ISBLANK('1-200关设定'!V42),"",'1-200关设定'!V42) -> 3 | J42: =IF(G42="","",1-EXP(-G42/参数配置!O46)) | K42: =IF(H42="","",((H42-2)/4)^2) -> 0.5625 | L42: =IF(I42="","",1-2^(-I42)) -> 0.875 | M42: =IF(G42="","",(参数配置!O42*K42+参数配置!O43*(J42-(1-EXP(-200/参数配置!O46)))/((1-EXP(-1500/参数配置!O46))-(1-EXP(-200/参数配置!O46)))+参数配置!O44*(L42/(1-2^(-5)))+参数配置!O45*K42*(J42-(1-EXP(-200/参数配置!O46)))/((1-EXP(-1500/参数配置!O46))-(1-EXP(-200/参数配置!O46))))*100) | N42: {=IF(G42>0,RLD_Label(G42,H42,I42),"")} | O42: 2 | P42: =IFERROR(INDEX(参数配置!B:B,MATCH(O42,参数配置!A:A,0)),"") -> 波动前进
B43: 42 | C43: hard | D43: 0.6 | H43: =IF(ISBLANK('1-200关设定'!W43),"",'1-200关设定'!W43) -> 5 | I43: =IF(ISBLANK('1-200关设定'!V43),"",'1-200关设定'!V43) -> 3 | J43: =IF(G43="","",1-EXP(-G43/参数配置!O47)) | K43: =IF(H43="","",((H43-2)/4)^2) -> 0.5625 | L43: =IF(I43="","",1-2^(-I43)) -> 0.875 | M43: =IF(G43="","",(参数配置!O43*K43+参数配置!O44*(J43-(1-EXP(-200/参数配置!O47)))/((1-EXP(-1500/参数配置!O47))-(1-EXP(-200/参数配置!O47)))+参数配置!O45*(L43/(1-2^(-5)))+参数配置!O46*K43*(J43-(1-EXP(-200/参数配置!O47)))/((1-EXP(-1500/参数配置!O47))-(1-EXP(-200/参数配置!O47))))*100) | N43: {=IF(G43>0,RLD_Label(G43,H43,I43),"")} | O43: 2 | P43: =IFERROR(INDEX(参数配置!B:B,MATCH(O43,参数配置!A:A,0)),"") -> 波动前进
B44: 43 | C44: normal | D44: 0.85 | H44: =IF(ISBLANK('1-200关设定'!W44),"",'1-200关设定'!W44) -> 4 | I44: =IF(ISBLANK('1-200关设定'!V44),"",'1-200关设定'!V44) -> 3 | J44: =IF(G44="","",1-EXP(-G44/参数配置!O48)) | K44: =IF(H44="","",((H44-2)/4)^2) -> 0.25 | L44: =IF(I44="","",1-2^(-I44)) -> 0.875 | M44: =IF(G44="","",(参数配置!O44*K44+参数配置!O45*(J44-(1-EXP(-200/参数配置!O48)))/((1-EXP(-1500/参数配置!O48))-(1-EXP(-200/参数配置!O48)))+参数配置!O46*(L44/(1-2^(-5)))+参数配置!O47*K44*(J44-(1-EXP(-200/参数配置!O48)))/((1-EXP(-1500/参数配置!O48))-(1-EXP(-200/参数配置!O48))))*100) | N44: {=IF(G44>0,RLD_Label(G44,H44,I44),"")} | O44: 3 | P44: =IFERROR(INDEX(参数配置!B:B,MATCH(O44,参数配置!A:A,0)),"") -> 阶梯上升
B45: 44 | C45: normal | D45: 0.85 | H45: =IF(ISBLANK('1-200关设定'!W45),"",'1-200关设定'!W45) -> 4 | I45: =IF(ISBLANK('1-200关设定'!V45),"",'1-200关设定'!V45) -> 3 | J45: =IF(G45="","",1-EXP(-G45/参数配置!O49)) | K45: =IF(H45="","",((H45-2)/4)^2) -> 0.25 | L45: =IF(I45="","",1-2^(-I45)) -> 0.875 | M45: =IF(G45="","",(参数配置!O45*K45+参数配置!O46*(J45-(1-EXP(-200/参数配置!O49)))/((1-EXP(-1500/参数配置!O49))-(1-EXP(-200/参数配置!O49)))+参数配置!O47*(L45/(1-2^(-5)))+参数配置!O48*K45*(J45-(1-EXP(-200/参数配置!O49)))/((1-EXP(-1500/参数配置!O49))-(1-EXP(-200/参数配置!O49))))*100) | N45: {=IF(G45>0,RLD_Label(G45,H45,I45),"")} | O45: 3 | P45: =IFERROR(INDEX(参数配置!B:B,MATCH(O45,参数配置!A:A,0)),"") -> 阶梯上升
B46: 45 | C46: normal | D46: 0.85 | F46: 开始：生涯 | H46: =IF(ISBLANK('1-200关设定'!W46),"",'1-200关设定'!W46) -> 4 | I46: =IF(ISBLANK('1-200关设定'!V46),"",'1-200关设定'!V46) -> 3 | J46: =IF(G46="","",1-EXP(-G46/参数配置!O50)) | K46: =IF(H46="","",((H46-2)/4)^2) -> 0.25 | L46: =IF(I46="","",1-2^(-I46)) -> 0.875 | M46: =IF(G46="","",(参数配置!O46*K46+参数配置!O47*(J46-(1-EXP(-200/参数配置!O50)))/((1-EXP(-1500/参数配置!O50))-(1-EXP(-200/参数配置!O50)))+参数配置!O48*(L46/(1-2^(-5)))+参数配置!O49*K46*(J46-(1-EXP(-200/参数配置!O50)))/((1-EXP(-1500/参数配置!O50))-(1-EXP(-200/参数配置!O50))))*100) | N46: {=IF(G46>0,RLD_Label(G46,H46,I46),"")} | O46: 4 | P46: =IFERROR(INDEX(参数配置!B:B,MATCH(O46,参数配置!A:A,0)),"") -> 双峰值
B47: 46 | C47: superhard | D47: 0.4 | H47: =IF(ISBLANK('1-200关设定'!W47),"",'1-200关设定'!W47) -> 4 | I47: =IF(ISBLANK('1-200关设定'!V47),"",'1-200关设定'!V47) -> 3 | J47: =IF(G47="","",1-EXP(-G47/参数配置!O51)) | K47: =IF(H47="","",((H47-2)/4)^2) -> 0.25 | L47: =IF(I47="","",1-2^(-I47)) -> 0.875 | M47: =IF(G47="","",(参数配置!O47*K47+参数配置!O48*(J47-(1-EXP(-200/参数配置!O51)))/((1-EXP(-1500/参数配置!O51))-(1-EXP(-200/参数配置!O51)))+参数配置!O49*(L47/(1-2^(-5)))+参数配置!O50*K47*(J47-(1-EXP(-200/参数配置!O51)))/((1-EXP(-1500/参数配置!O51))-(1-EXP(-200/参数配置!O51))))*100) | N47: {=IF(G47>0,RLD_Label(G47,H47,I47),"")} | O47: 6 | P47: =IFERROR(INDEX(参数配置!B:B,MATCH(O47,参数配置!A:A,0)),"") -> 先易后难
B48: 47 | C48: normal | D48: 0.85 | H48: =IF(ISBLANK('1-200关设定'!W48),"",'1-200关设定'!W48) -> 4 | I48: =IF(ISBLANK('1-200关设定'!V48),"",'1-200关设定'!V48) -> 2 | J48: =IF(G48="","",1-EXP(-G48/参数配置!O52)) | K48: =IF(H48="","",((H48-2)/4)^2) -> 0.25 | L48: =IF(I48="","",1-2^(-I48)) -> 0.75 | M48: =IF(G48="","",(参数配置!O48*K48+参数配置!O49*(J48-(1-EXP(-200/参数配置!O52)))/((1-EXP(-1500/参数配置!O52))-(1-EXP(-200/参数配置!O52)))+参数配置!O50*(L48/(1-2^(-5)))+参数配置!O51*K48*(J48-(1-EXP(-200/参数配置!O52)))/((1-EXP(-1500/参数配置!O52))-(1-EXP(-200/参数配置!O52))))*100) | N48: {=IF(G48>0,RLD_Label(G48,H48,I48),"")} | O48: 2 | P48: =IFERROR(INDEX(参数配置!B:B,MATCH(O48,参数配置!A:A,0)),"") -> 波动前进
B49: 48 | C49: normal | D49: 0.85 | H49: =IF(ISBLANK('1-200关设定'!W49),"",'1-200关设定'!W49) -> 4 | I49: =IF(ISBLANK('1-200关设定'!V49),"",'1-200关设定'!V49) -> 2 | J49: =IF(G49="","",1-EXP(-G49/参数配置!O53)) | K49: =IF(H49="","",((H49-2)/4)^2) -> 0.25 | L49: =IF(I49="","",1-2^(-I49)) -> 0.75 | M49: =IF(G49="","",(参数配置!O49*K49+参数配置!O50*(J49-(1-EXP(-200/参数配置!O53)))/((1-EXP(-1500/参数配置!O53))-(1-EXP(-200/参数配置!O53)))+参数配置!O51*(L49/(1-2^(-5)))+参数配置!O52*K49*(J49-(1-EXP(-200/参数配置!O53)))/((1-EXP(-1500/参数配置!O53))-(1-EXP(-200/参数配置!O53))))*100) | N49: {=IF(G49>0,RLD_Label(G49,H49,I49),"")} | O49: 3 | P49: =IFERROR(INDEX(参数配置!B:B,MATCH(O49,参数配置!A:A,0)),"") -> 阶梯上升
B50: 49 | C50: normal | D50: 0.85 | E50: 池子 | H50: =IF(ISBLANK('1-200关设定'!W50),"",'1-200关设定'!W50) -> 4 | I50: =IF(ISBLANK('1-200关设定'!V50),"",'1-200关设定'!V50) -> 1 | J50: =IF(G50="","",1-EXP(-G50/参数配置!O54)) | K50: =IF(H50="","",((H50-2)/4)^2) -> 0.25 | L50: =IF(I50="","",1-2^(-I50)) -> 0.5 | M50: =IF(G50="","",(参数配置!O50*K50+参数配置!O51*(J50-(1-EXP(-200/参数配置!O54)))/((1-EXP(-1500/参数配置!O54))-(1-EXP(-200/参数配置!O54)))+参数配置!O52*(L50/(1-2^(-5)))+参数配置!O53*K50*(J50-(1-EXP(-200/参数配置!O54)))/((1-EXP(-1500/参数配置!O54))-(1-EXP(-200/参数配置!O54))))*100) | N50: {=IF(G50>0,RLD_Label(G50,H50,I50),"")} | O50: 2 | P50: =IFERROR(INDEX(参数配置!B:B,MATCH(O50,参数配置!A:A,0)),"") -> 波动前进
B51: 50 | C51: normal | D51: 0.85 | H51: =IF(ISBLANK('1-200关设定'!W51),"",'1-200关设定'!W51) -> 4 | I51: =IF(ISBLANK('1-200关设定'!V51),"",'1-200关设定'!V51) -> 2 | J51: =IF(G51="","",1-EXP(-G51/参数配置!O55)) | K51: =IF(H51="","",((H51-2)/4)^2) -> 0.25 | L51: =IF(I51="","",1-2^(-I51)) -> 0.75 | M51: =IF(G51="","",(参数配置!O51*K51+参数配置!O52*(J51-(1-EXP(-200/参数配置!O55)))/((1-EXP(-1500/参数配置!O55))-(1-EXP(-200/参数配置!O55)))+参数配置!O53*(L51/(1-2^(-5)))+参数配置!O54*K51*(J51-(1-EXP(-200/参数配置!O55)))/((1-EXP(-1500/参数配置!O55))-(1-EXP(-200/参数配置!O55))))*100) | N51: {=IF(G51>0,RLD_Label(G51,H51,I51),"")} | O51: 2 | P51: =IFERROR(INDEX(参数配置!B:B,MATCH(O51,参数配置!A:A,0)),"") -> 波动前进
B52: 51 | C52: normal | D52: 0.85 | H52: =IF(ISBLANK('1-200关设定'!W52),"",'1-200关设定'!W52) -> 4 | I52: =IF(ISBLANK('1-200关设定'!V52),"",'1-200关设定'!V52) -> 2 | J52: =IF(G52="","",1-EXP(-G52/参数配置!O56)) | K52: =IF(H52="","",((H52-2)/4)^2) -> 0.25 | L52: =IF(I52="","",1-2^(-I52)) -> 0.75 | M52: =IF(G52="","",(参数配置!O52*K52+参数配置!O53*(J52-(1-EXP(-200/参数配置!O56)))/((1-EXP(-1500/参数配置!O56))-(1-EXP(-200/参数配置!O56)))+参数配置!O54*(L52/(1-2^(-5)))+参数配置!O55*K52*(J52-(1-EXP(-200/参数配置!O56)))/((1-EXP(-1500/参数配置!O56))-(1-EXP(-200/参数配置!O56))))*100) | N52: {=IF(G52>0,RLD_Label(G52,H52,I52),"")} | O52: 3 | P52: =IFERROR(INDEX(参数配置!B:B,MATCH(O52,参数配置!A:A,0)),"") -> 阶梯上升
B53: 52 | C53: hard | D53: 0.6 | H53: =IF(ISBLANK('1-200关设定'!W53),"",'1-200关设定'!W53) -> 5 | I53: =IF(ISBLANK('1-200关设定'!V53),"",'1-200关设定'!V53) -> 3 | J53: =IF(G53="","",1-EXP(-G53/参数配置!O57)) | K53: =IF(H53="","",((H53-2)/4)^2) -> 0.5625 | L53: =IF(I53="","",1-2^(-I53)) -> 0.875 | M53: =IF(G53="","",(参数配置!O53*K53+参数配置!O54*(J53-(1-EXP(-200/参数配置!O57)))/((1-EXP(-1500/参数配置!O57))-(1-EXP(-200/参数配置!O57)))+参数配置!O55*(L53/(1-2^(-5)))+参数配置!O56*K53*(J53-(1-EXP(-200/参数配置!O57)))/((1-EXP(-1500/参数配置!O57))-(1-EXP(-200/参数配置!O57))))*100) | N53: {=IF(G53>0,RLD_Label(G53,H53,I53),"")} | O53: 3 | P53: =IFERROR(INDEX(参数配置!B:B,MATCH(O53,参数配置!A:A,0)),"") -> 阶梯上升
B54: 53 | C54: normal | D54: 0.85 | H54: =IF(ISBLANK('1-200关设定'!W54),"",'1-200关设定'!W54) -> 4 | I54: =IF(ISBLANK('1-200关设定'!V54),"",'1-200关设定'!V54) -> 3 | J54: =IF(G54="","",1-EXP(-G54/参数配置!O58)) | K54: =IF(H54="","",((H54-2)/4)^2) -> 0.25 | L54: =IF(I54="","",1-2^(-I54)) -> 0.875 | M54: =IF(G54="","",(参数配置!O54*K54+参数配置!O55*(J54-(1-EXP(-200/参数配置!O58)))/((1-EXP(-1500/参数配置!O58))-(1-EXP(-200/参数配置!O58)))+参数配置!O56*(L54/(1-2^(-5)))+参数配置!O57*K54*(J54-(1-EXP(-200/参数配置!O58)))/((1-EXP(-1500/参数配置!O58))-(1-EXP(-200/参数配置!O58))))*100) | N54: {=IF(G54>0,RLD_Label(G54,H54,I54),"")} | O54: 2 | P54: =IFERROR(INDEX(参数配置!B:B,MATCH(O54,参数配置!A:A,0)),"") -> 波动前进
B55: 54 | C55: hard | D55: 0.6 | H55: =IF(ISBLANK('1-200关设定'!W55),"",'1-200关设定'!W55) -> 4 | I55: =IF(ISBLANK('1-200关设定'!V55),"",'1-200关设定'!V55) -> 3 | J55: =IF(G55="","",1-EXP(-G55/参数配置!O59)) | K55: =IF(H55="","",((H55-2)/4)^2) -> 0.25 | L55: =IF(I55="","",1-2^(-I55)) -> 0.875 | M55: =IF(G55="","",(参数配置!O55*K55+参数配置!O56*(J55-(1-EXP(-200/参数配置!O59)))/((1-EXP(-1500/参数配置!O59))-(1-EXP(-200/参数配置!O59)))+参数配置!O57*(L55/(1-2^(-5)))+参数配置!O58*K55*(J55-(1-EXP(-200/参数配置!O59)))/((1-EXP(-1500/参数配置!O59))-(1-EXP(-200/参数配置!O59))))*100) | N55: {=IF(G55>0,RLD_Label(G55,H55,I55),"")} | O55: 4 | P55: =IFERROR(INDEX(参数配置!B:B,MATCH(O55,参数配置!A:A,0)),"") -> 双峰值
B56: 55 | C56: normal | D56: 0.85 | H56: =IF(ISBLANK('1-200关设定'!W56),"",'1-200关设定'!W56) -> 5 | I56: =IF(ISBLANK('1-200关设定'!V56),"",'1-200关设定'!V56) -> 2 | J56: =IF(G56="","",1-EXP(-G56/参数配置!O60)) | K56: =IF(H56="","",((H56-2)/4)^2) -> 0.5625 | L56: =IF(I56="","",1-2^(-I56)) -> 0.75 | M56: =IF(G56="","",(参数配置!O56*K56+参数配置!O57*(J56-(1-EXP(-200/参数配置!O60)))/((1-EXP(-1500/参数配置!O60))-(1-EXP(-200/参数配置!O60)))+参数配置!O58*(L56/(1-2^(-5)))+参数配置!O59*K56*(J56-(1-EXP(-200/参数配置!O60)))/((1-EXP(-1500/参数配置!O60))-(1-EXP(-200/参数配置!O60))))*100) | N56: {=IF(G56>0,RLD_Label(G56,H56,I56),"")} | O56: 2 | P56: =IFERROR(INDEX(参数配置!B:B,MATCH(O56,参数配置!A:A,0)),"") -> 波动前进
B57: 56 | C57: normal | D57: 0.85 | H57: =IF(ISBLANK('1-200关设定'!W57),"",'1-200关设定'!W57) -> 4 | I57: =IF(ISBLANK('1-200关设定'!V57),"",'1-200关设定'!V57) -> 4 | J57: =IF(G57="","",1-EXP(-G57/参数配置!O61)) | K57: =IF(H57="","",((H57-2)/4)^2) -> 0.25 | L57: =IF(I57="","",1-2^(-I57)) -> 0.9375 | M57: =IF(G57="","",(参数配置!O57*K57+参数配置!O58*(J57-(1-EXP(-200/参数配置!O61)))/((1-EXP(-1500/参数配置!O61))-(1-EXP(-200/参数配置!O61)))+参数配置!O59*(L57/(1-2^(-5)))+参数配置!O60*K57*(J57-(1-EXP(-200/参数配置!O61)))/((1-EXP(-1500/参数配置!O61))-(1-EXP(-200/参数配置!O61))))*100) | N57: {=IF(G57>0,RLD_Label(G57,H57,I57),"")} | O57: 3 | P57: =IFERROR(INDEX(参数配置!B:B,MATCH(O57,参数配置!A:A,0)),"") -> 阶梯上升
B58: 57 | C58: normal | D58: 0.85 | H58: =IF(ISBLANK('1-200关设定'!W58),"",'1-200关设定'!W58) -> 4 | I58: =IF(ISBLANK('1-200关设定'!V58),"",'1-200关设定'!V58) -> 4 | J58: =IF(G58="","",1-EXP(-G58/参数配置!O62)) | K58: =IF(H58="","",((H58-2)/4)^2) -> 0.25 | L58: =IF(I58="","",1-2^(-I58)) -> 0.9375 | M58: =IF(G58="","",(参数配置!O58*K58+参数配置!O59*(J58-(1-EXP(-200/参数配置!O62)))/((1-EXP(-1500/参数配置!O62))-(1-EXP(-200/参数配置!O62)))+参数配置!O60*(L58/(1-2^(-5)))+参数配置!O61*K58*(J58-(1-EXP(-200/参数配置!O62)))/((1-EXP(-1500/参数配置!O62))-(1-EXP(-200/参数配置!O62))))*100) | N58: {=IF(G58>0,RLD_Label(G58,H58,I58),"")} | O58: 2 | P58: =IFERROR(INDEX(参数配置!B:B,MATCH(O58,参数配置!A:A,0)),"") -> 波动前进
B59: 58 | C59: superhard | D59: 0.4 | H59: =IF(ISBLANK('1-200关设定'!W59),"",'1-200关设定'!W59) -> 5 | I59: =IF(ISBLANK('1-200关设定'!V59),"",'1-200关设定'!V59) -> 2 | J59: =IF(G59="","",1-EXP(-G59/参数配置!O63)) | K59: =IF(H59="","",((H59-2)/4)^2) -> 0.5625 | L59: =IF(I59="","",1-2^(-I59)) -> 0.75 | M59: =IF(G59="","",(参数配置!O59*K59+参数配置!O60*(J59-(1-EXP(-200/参数配置!O63)))/((1-EXP(-1500/参数配置!O63))-(1-EXP(-200/参数配置!O63)))+参数配置!O61*(L59/(1-2^(-5)))+参数配置!O62*K59*(J59-(1-EXP(-200/参数配置!O63)))/((1-EXP(-1500/参数配置!O63))-(1-EXP(-200/参数配置!O63))))*100) | N59: {=IF(G59>0,RLD_Label(G59,H59,I59),"")} | O59: 6 | P59: =IFERROR(INDEX(参数配置!B:B,MATCH(O59,参数配置!A:A,0)),"") -> 先易后难
B60: 59 | C60: normal | D60: 0.85 | H60: =IF(ISBLANK('1-200关设定'!W60),"",'1-200关设定'!W60) -> 4 | I60: =IF(ISBLANK('1-200关设定'!V60),"",'1-200关设定'!V60) -> 3 | J60: =IF(G60="","",1-EXP(-G60/参数配置!O64)) | K60: =IF(H60="","",((H60-2)/4)^2) -> 0.25 | L60: =IF(I60="","",1-2^(-I60)) -> 0.875 | M60: =IF(G60="","",(参数配置!O60*K60+参数配置!O61*(J60-(1-EXP(-200/参数配置!O64)))/((1-EXP(-1500/参数配置!O64))-(1-EXP(-200/参数配置!O64)))+参数配置!O62*(L60/(1-2^(-5)))+参数配置!O63*K60*(J60-(1-EXP(-200/参数配置!O64)))/((1-EXP(-1500/参数配置!O64))-(1-EXP(-200/参数配置!O64))))*100) | N60: {=IF(G60>0,RLD_Label(G60,H60,I60),"")} | O60: 2 | P60: =IFERROR(INDEX(参数配置!B:B,MATCH(O60,参数配置!A:A,0)),"") -> 波动前进
B61: 60 | C61: normal | D61: 0.85 | H61: =IF(ISBLANK('1-200关设定'!W61),"",'1-200关设定'!W61) -> 4 | I61: =IF(ISBLANK('1-200关设定'!V61),"",'1-200关设定'!V61) -> 4 | J61: =IF(G61="","",1-EXP(-G61/参数配置!O65)) | K61: =IF(H61="","",((H61-2)/4)^2) -> 0.25 | L61: =IF(I61="","",1-2^(-I61)) -> 0.9375 | M61: =IF(G61="","",(参数配置!O61*K61+参数配置!O62*(J61-(1-EXP(-200/参数配置!O65)))/((1-EXP(-1500/参数配置!O65))-(1-EXP(-200/参数配置!O65)))+参数配置!O63*(L61/(1-2^(-5)))+参数配置!O64*K61*(J61-(1-EXP(-200/参数配置!O65)))/((1-EXP(-1500/参数配置!O65))-(1-EXP(-200/参数配置!O65))))*100) | N61: {=IF(G61>0,RLD_Label(G61,H61,I61),"")} | O61: 3 | P61: =IFERROR(INDEX(参数配置!B:B,MATCH(O61,参数配置!A:A,0)),"") -> 阶梯上升
A62: 复习关（复杂机制组合） | B62: 61 | C62: normal | D62: 0.85 | H62: =IF(ISBLANK('1-200关设定'!W62),"",'1-200关设定'!W62) -> 4 | I62: =IF(ISBLANK('1-200关设定'!V62),"",'1-200关设定'!V62) -> 3 | J62: =IF(G62="","",1-EXP(-G62/参数配置!O66)) | K62: =IF(H62="","",((H62-2)/4)^2) -> 0.25 | L62: =IF(I62="","",1-2^(-I62)) -> 0.875 | M62: =IF(G62="","",(参数配置!O62*K62+参数配置!O63*(J62-(1-EXP(-200/参数配置!O66)))/((1-EXP(-1500/参数配置!O66))-(1-EXP(-200/参数配置!O66)))+参数配置!O64*(L62/(1-2^(-5)))+参数配置!O65*K62*(J62-(1-EXP(-200/参数配置!O66)))/((1-EXP(-1500/参数配置!O66))-(1-EXP(-200/参数配置!O66))))*100) | N62: {=IF(G62>0,RLD_Label(G62,H62,I62),"")} | O62: 2 | P62: =IFERROR(INDEX(参数配置!B:B,MATCH(O62,参数配置!A:A,0)),"") -> 波动前进
B63: 62 | C63: normal | D63: 0.85 | H63: =IF(ISBLANK('1-200关设定'!W63),"",'1-200关设定'!W63) -> 4 | I63: =IF(ISBLANK('1-200关设定'!V63),"",'1-200关设定'!V63) -> 3 | J63: =IF(G63="","",1-EXP(-G63/参数配置!O67)) | K63: =IF(H63="","",((H63-2)/4)^2) -> 0.25 | L63: =IF(I63="","",1-2^(-I63)) -> 0.875 | M63: =IF(G63="","",(参数配置!O63*K63+参数配置!O64*(J63-(1-EXP(-200/参数配置!O67)))/((1-EXP(-1500/参数配置!O67))-(1-EXP(-200/参数配置!O67)))+参数配置!O65*(L63/(1-2^(-5)))+参数配置!O66*K63*(J63-(1-EXP(-200/参数配置!O67)))/((1-EXP(-1500/参数配置!O67))-(1-EXP(-200/参数配置!O67))))*100) | N63: {=IF(G63>0,RLD_Label(G63,H63,I63),"")} | O63: 2 | P63: =IFERROR(INDEX(参数配置!B:B,MATCH(O63,参数配置!A:A,0)),"") -> 波动前进
B64: 63 | C64: normal | D64: 0.85 | H64: =IF(ISBLANK('1-200关设定'!W64),"",'1-200关设定'!W64) -> 4 | I64: =IF(ISBLANK('1-200关设定'!V64),"",'1-200关设定'!V64) -> 3 | J64: =IF(G64="","",1-EXP(-G64/参数配置!O68)) | K64: =IF(H64="","",((H64-2)/4)^2) -> 0.25 | L64: =IF(I64="","",1-2^(-I64)) -> 0.875 | M64: =IF(G64="","",(参数配置!O64*K64+参数配置!O65*(J64-(1-EXP(-200/参数配置!O68)))/((1-EXP(-1500/参数配置!O68))-(1-EXP(-200/参数配置!O68)))+参数配置!O66*(L64/(1-2^(-5)))+参数配置!O67*K64*(J64-(1-EXP(-200/参数配置!O68)))/((1-EXP(-1500/参数配置!O68))-(1-EXP(-200/参数配置!O68))))*100) | N64: {=IF(G64>0,RLD_Label(G64,H64,I64),"")} | O64: 4 | P64: =IFERROR(INDEX(参数配置!B:B,MATCH(O64,参数配置!A:A,0)),"") -> 双峰值
B65: 64 | C65: hard | D65: 0.6 | H65: =IF(ISBLANK('1-200关设定'!W65),"",'1-200关设定'!W65) -> 4 | I65: =IF(ISBLANK('1-200关设定'!V65),"",'1-200关设定'!V65) -> 3 | J65: =IF(G65="","",1-EXP(-G65/参数配置!O69)) | K65: =IF(H65="","",((H65-2)/4)^2) -> 0.25 | L65: =IF(I65="","",1-2^(-I65)) -> 0.875 | M65: =IF(G65="","",(参数配置!O65*K65+参数配置!O66*(J65-(1-EXP(-200/参数配置!O69)))/((1-EXP(-1500/参数配置!O69))-(1-EXP(-200/参数配置!O69)))+参数配置!O67*(L65/(1-2^(-5)))+参数配置!O68*K65*(J65-(1-EXP(-200/参数配置!O69)))/((1-EXP(-1500/参数配置!O69))-(1-EXP(-200/参数配置!O69))))*100) | N65: {=IF(G65>0,RLD_Label(G65,H65,I65),"")} | O65: 3 | P65: =IFERROR(INDEX(参数配置!B:B,MATCH(O65,参数配置!A:A,0)),"") -> 阶梯上升
B66: 65 | C66: hard | D66: 0.6 | H66: =IF(ISBLANK('1-200关设定'!W66),"",'1-200关设定'!W66) -> 5 | I66: =IF(ISBLANK('1-200关设定'!V66),"",'1-200关设定'!V66) -> 4 | J66: =IF(G66="","",1-EXP(-G66/参数配置!O70)) | K66: =IF(H66="","",((H66-2)/4)^2) -> 0.5625 | L66: =IF(I66="","",1-2^(-I66)) -> 0.9375 | M66: =IF(G66="","",(参数配置!O66*K66+参数配置!O67*(J66-(1-EXP(-200/参数配置!O70)))/((1-EXP(-1500/参数配置!O70))-(1-EXP(-200/参数配置!O70)))+参数配置!O68*(L66/(1-2^(-5)))+参数配置!O69*K66*(J66-(1-EXP(-200/参数配置!O70)))/((1-EXP(-1500/参数配置!O70))-(1-EXP(-200/参数配置!O70))))*100) | N66: {=IF(G66>0,RLD_Label(G66,H66,I66),"")} | O66: 2 | P66: =IFERROR(INDEX(参数配置!B:B,MATCH(O66,参数配置!A:A,0)),"") -> 波动前进
B67: 66 | C67: normal | D67: 0.85 | H67: =IF(ISBLANK('1-200关设定'!W67),"",'1-200关设定'!W67) -> 4 | I67: =IF(ISBLANK('1-200关设定'!V67),"",'1-200关设定'!V67) -> 3 | J67: =IF(G67="","",1-EXP(-G67/参数配置!O71)) | K67: =IF(H67="","",((H67-2)/4)^2) -> 0.25 | L67: =IF(I67="","",1-2^(-I67)) -> 0.875 | M67: =IF(G67="","",(参数配置!O67*K67+参数配置!O68*(J67-(1-EXP(-200/参数配置!O71)))/((1-EXP(-1500/参数配置!O71))-(1-EXP(-200/参数配置!O71)))+参数配置!O69*(L67/(1-2^(-5)))+参数配置!O70*K67*(J67-(1-EXP(-200/参数配置!O71)))/((1-EXP(-1500/参数配置!O71))-(1-EXP(-200/参数配置!O71))))*100) | N67: {=IF(G67>0,RLD_Label(G67,H67,I67),"")} | O67: 2 | P67: =IFERROR(INDEX(参数配置!B:B,MATCH(O67,参数配置!A:A,0)),"") -> 波动前进
B68: 67 | C68: normal | D68: 0.85 | H68: =IF(ISBLANK('1-200关设定'!W68),"",'1-200关设定'!W68) -> 5 | I68: =IF(ISBLANK('1-200关设定'!V68),"",'1-200关设定'!V68) -> 2 | J68: =IF(G68="","",1-EXP(-G68/参数配置!O72)) | K68: =IF(H68="","",((H68-2)/4)^2) -> 0.5625 | L68: =IF(I68="","",1-2^(-I68)) -> 0.75 | M68: =IF(G68="","",(参数配置!O68*K68+参数配置!O69*(J68-(1-EXP(-200/参数配置!O72)))/((1-EXP(-1500/参数配置!O72))-(1-EXP(-200/参数配置!O72)))+参数配置!O70*(L68/(1-2^(-5)))+参数配置!O71*K68*(J68-(1-EXP(-200/参数配置!O72)))/((1-EXP(-1500/参数配置!O72))-(1-EXP(-200/参数配置!O72))))*100) | N68: {=IF(G68>0,RLD_Label(G68,H68,I68),"")} | O68: 3 | P68: =IFERROR(INDEX(参数配置!B:B,MATCH(O68,参数配置!A:A,0)),"") -> 阶梯上升
B69: 68 | C69: hard | D69: 0.6 | H69: =IF(ISBLANK('1-200关设定'!W69),"",'1-200关设定'!W69) -> 4 | I69: =IF(ISBLANK('1-200关设定'!V69),"",'1-200关设定'!V69) -> 4 | J69: =IF(G69="","",1-EXP(-G69/参数配置!O73)) | K69: =IF(H69="","",((H69-2)/4)^2) -> 0.25 | L69: =IF(I69="","",1-2^(-I69)) -> 0.9375 | M69: =IF(G69="","",(参数配置!O69*K69+参数配置!O70*(J69-(1-EXP(-200/参数配置!O73)))/((1-EXP(-1500/参数配置!O73))-(1-EXP(-200/参数配置!O73)))+参数配置!O71*(L69/(1-2^(-5)))+参数配置!O72*K69*(J69-(1-EXP(-200/参数配置!O73)))/((1-EXP(-1500/参数配置!O73))-(1-EXP(-200/参数配置!O73))))*100) | N69: {=IF(G69>0,RLD_Label(G69,H69,I69),"")} | O69: 3 | P69: =IFERROR(INDEX(参数配置!B:B,MATCH(O69,参数配置!A:A,0)),"") -> 阶梯上升
B70: 69 | C70: normal | D70: 0.85 | H70: =IF(ISBLANK('1-200关设定'!W70),"",'1-200关设定'!W70) -> 4 | I70: =IF(ISBLANK('1-200关设定'!V70),"",'1-200关设定'!V70) -> 3 | J70: =IF(G70="","",1-EXP(-G70/参数配置!O74)) | K70: =IF(H70="","",((H70-2)/4)^2) -> 0.25 | L70: =IF(I70="","",1-2^(-I70)) -> 0.875 | M70: =IF(G70="","",(参数配置!O70*K70+参数配置!O71*(J70-(1-EXP(-200/参数配置!O74)))/((1-EXP(-1500/参数配置!O74))-(1-EXP(-200/参数配置!O74)))+参数配置!O72*(L70/(1-2^(-5)))+参数配置!O73*K70*(J70-(1-EXP(-200/参数配置!O74)))/((1-EXP(-1500/参数配置!O74))-(1-EXP(-200/参数配置!O74))))*100) | N70: {=IF(G70>0,RLD_Label(G70,H70,I70),"")} | O70: 6 | P70: =IFERROR(INDEX(参数配置!B:B,MATCH(O70,参数配置!A:A,0)),"") -> 先易后难
B71: 70 | C71: superhard | D71: 0.4 | H71: =IF(ISBLANK('1-200关设定'!W71),"",'1-200关设定'!W71) -> 4 | I71: =IF(ISBLANK('1-200关设定'!V71),"",'1-200关设定'!V71) -> 5 | J71: =IF(G71="","",1-EXP(-G71/参数配置!O75)) | K71: =IF(H71="","",((H71-2)/4)^2) -> 0.25 | L71: =IF(I71="","",1-2^(-I71)) -> 0.96875 | M71: =IF(G71="","",(参数配置!O71*K71+参数配置!O72*(J71-(1-EXP(-200/参数配置!O75)))/((1-EXP(-1500/参数配置!O75))-(1-EXP(-200/参数配置!O75)))+参数配置!O73*(L71/(1-2^(-5)))+参数配置!O74*K71*(J71-(1-EXP(-200/参数配置!O75)))/((1-EXP(-1500/参数配置!O75))-(1-EXP(-200/参数配置!O75))))*100) | N71: {=IF(G71>0,RLD_Label(G71,H71,I71),"")} | O71: 2 | P71: =IFERROR(INDEX(参数配置!B:B,MATCH(O71,参数配置!A:A,0)),"") -> 波动前进
B72: 71 | C72: normal | D72: 0.85 | H72: =IF(ISBLANK('1-200关设定'!W72),"",'1-200关设定'!W72) -> 4 | I72: =IF(ISBLANK('1-200关设定'!V72),"",'1-200关设定'!V72) -> 3 | J72: =IF(G72="","",1-EXP(-G72/参数配置!O76)) | K72: =IF(H72="","",((H72-2)/4)^2) -> 0.25 | L72: =IF(I72="","",1-2^(-I72)) -> 0.875 | M72: =IF(G72="","",(参数配置!O72*K72+参数配置!O73*(J72-(1-EXP(-200/参数配置!O76)))/((1-EXP(-1500/参数配置!O76))-(1-EXP(-200/参数配置!O76)))+参数配置!O74*(L72/(1-2^(-5)))+参数配置!O75*K72*(J72-(1-EXP(-200/参数配置!O76)))/((1-EXP(-1500/参数配置!O76))-(1-EXP(-200/参数配置!O76))))*100) | N72: {=IF(G72>0,RLD_Label(G72,H72,I72),"")} | O72: 2 | P72: =IFERROR(INDEX(参数配置!B:B,MATCH(O72,参数配置!A:A,0)),"") -> 波动前进
B73: 72 | C73: hard | D73: 0.6 | H73: =IF(ISBLANK('1-200关设定'!W73),"",'1-200关设定'!W73) -> 5 | I73: =IF(ISBLANK('1-200关设定'!V73),"",'1-200关设定'!V73) -> 2 | J73: =IF(G73="","",1-EXP(-G73/参数配置!O77)) | K73: =IF(H73="","",((H73-2)/4)^2) -> 0.5625 | L73: =IF(I73="","",1-2^(-I73)) -> 0.75 | M73: =IF(G73="","",(参数配置!O73*K73+参数配置!O74*(J73-(1-EXP(-200/参数配置!O77)))/((1-EXP(-1500/参数配置!O77))-(1-EXP(-200/参数配置!O77)))+参数配置!O75*(L73/(1-2^(-5)))+参数配置!O76*K73*(J73-(1-EXP(-200/参数配置!O77)))/((1-EXP(-1500/参数配置!O77))-(1-EXP(-200/参数配置!O77))))*100) | N73: {=IF(G73>0,RLD_Label(G73,H73,I73),"")} | O73: 4 | P73: =IFERROR(INDEX(参数配置!B:B,MATCH(O73,参数配置!A:A,0)),"") -> 双峰值
B74: 73 | C74: normal | D74: 0.85 | E74: 蛇 | H74: =IF(ISBLANK('1-200关设定'!W74),"",'1-200关设定'!W74) -> 3 | I74: =IF(ISBLANK('1-200关设定'!V74),"",'1-200关设定'!V74) -> 1 | J74: =IF(G74="","",1-EXP(-G74/参数配置!O78)) | K74: =IF(H74="","",((H74-2)/4)^2) -> 0.0625 | L74: =IF(I74="","",1-2^(-I74)) -> 0.5 | M74: =IF(G74="","",(参数配置!O74*K74+参数配置!O75*(J74-(1-EXP(-200/参数配置!O78)))/((1-EXP(-1500/参数配置!O78))-(1-EXP(-200/参数配置!O78)))+参数配置!O76*(L74/(1-2^(-5)))+参数配置!O77*K74*(J74-(1-EXP(-200/参数配置!O78)))/((1-EXP(-1500/参数配置!O78))-(1-EXP(-200/参数配置!O78))))*100) | N74: {=IF(G74>0,RLD_Label(G74,H74,I74),"")} | O74: 2 | P74: =IFERROR(INDEX(参数配置!B:B,MATCH(O74,参数配置!A:A,0)),"") -> 波动前进
B75: 74 | C75: normal | D75: 0.85 | H75: =IF(ISBLANK('1-200关设定'!W75),"",'1-200关设定'!W75) -> 5 | I75: =IF(ISBLANK('1-200关设定'!V75),"",'1-200关设定'!V75) -> 2 | J75: =IF(G75="","",1-EXP(-G75/参数配置!O79)) | K75: =IF(H75="","",((H75-2)/4)^2) -> 0.5625 | L75: =IF(I75="","",1-2^(-I75)) -> 0.75 | M75: =IF(G75="","",(参数配置!O75*K75+参数配置!O76*(J75-(1-EXP(-200/参数配置!O79)))/((1-EXP(-1500/参数配置!O79))-(1-EXP(-200/参数配置!O79)))+参数配置!O77*(L75/(1-2^(-5)))+参数配置!O78*K75*(J75-(1-EXP(-200/参数配置!O79)))/((1-EXP(-1500/参数配置!O79))-(1-EXP(-200/参数配置!O79))))*100) | N75: {=IF(G75>0,RLD_Label(G75,H75,I75),"")} | O75: 2 | P75: =IFERROR(INDEX(参数配置!B:B,MATCH(O75,参数配置!A:A,0)),"") -> 波动前进
B76: 75 | C76: normal | D76: 0.85 | H76: =IF(ISBLANK('1-200关设定'!W76),"",'1-200关设定'!W76) -> 4 | I76: =IF(ISBLANK('1-200关设定'!V76),"",'1-200关设定'!V76) -> 4 | J76: =IF(G76="","",1-EXP(-G76/参数配置!O80)) | K76: =IF(H76="","",((H76-2)/4)^2) -> 0.25 | L76: =IF(I76="","",1-2^(-I76)) -> 0.9375 | M76: =IF(G76="","",(参数配置!O76*K76+参数配置!O77*(J76-(1-EXP(-200/参数配置!O80)))/((1-EXP(-1500/参数配置!O80))-(1-EXP(-200/参数配置!O80)))+参数配置!O78*(L76/(1-2^(-5)))+参数配置!O79*K76*(J76-(1-EXP(-200/参数配置!O80)))/((1-EXP(-1500/参数配置!O80))-(1-EXP(-200/参数配置!O80))))*100) | N76: {=IF(G76>0,RLD_Label(G76,H76,I76),"")} | O76: 6 | P76: =IFERROR(INDEX(参数配置!B:B,MATCH(O76,参数配置!A:A,0)),"") -> 先易后难
B77: 76 | C77: normal | D77: 0.85 | H77: =IF(ISBLANK('1-200关设定'!W77),"",'1-200关设定'!W77) -> 4 | I77: =IF(ISBLANK('1-200关设定'!V77),"",'1-200关设定'!V77) -> 5 | J77: =IF(G77="","",1-EXP(-G77/参数配置!O81)) | K77: =IF(H77="","",((H77-2)/4)^2) -> 0.25 | L77: =IF(I77="","",1-2^(-I77)) -> 0.96875 | M77: =IF(G77="","",(参数配置!O77*K77+参数配置!O78*(J77-(1-EXP(-200/参数配置!O81)))/((1-EXP(-1500/参数配置!O81))-(1-EXP(-200/参数配置!O81)))+参数配置!O79*(L77/(1-2^(-5)))+参数配置!O80*K77*(J77-(1-EXP(-200/参数配置!O81)))/((1-EXP(-1500/参数配置!O81))-(1-EXP(-200/参数配置!O81))))*100) | N77: {=IF(G77>0,RLD_Label(G77,H77,I77),"")} | O77: 3 | P77: =IFERROR(INDEX(参数配置!B:B,MATCH(O77,参数配置!A:A,0)),"") -> 阶梯上升
B78: 77 | C78: hard | D78: 0.6 | H78: =IF(ISBLANK('1-200关设定'!W78),"",'1-200关设定'!W78) -> 5 | I78: =IF(ISBLANK('1-200关设定'!V78),"",'1-200关设定'!V78) -> 2 | J78: =IF(G78="","",1-EXP(-G78/参数配置!O82)) | K78: =IF(H78="","",((H78-2)/4)^2) -> 0.5625 | L78: =IF(I78="","",1-2^(-I78)) -> 0.75 | M78: =IF(G78="","",(参数配置!O78*K78+参数配置!O79*(J78-(1-EXP(-200/参数配置!O82)))/((1-EXP(-1500/参数配置!O82))-(1-EXP(-200/参数配置!O82)))+参数配置!O80*(L78/(1-2^(-5)))+参数配置!O81*K78*(J78-(1-EXP(-200/参数配置!O82)))/((1-EXP(-1500/参数配置!O82))-(1-EXP(-200/参数配置!O82))))*100) | N78: {=IF(G78>0,RLD_Label(G78,H78,I78),"")} | O78: 2 | P78: =IFERROR(INDEX(参数配置!B:B,MATCH(O78,参数配置!A:A,0)),"") -> 波动前进
B79: 78 | C79: normal | D79: 0.85 | H79: =IF(ISBLANK('1-200关设定'!W79),"",'1-200关设定'!W79) -> 4 | I79: =IF(ISBLANK('1-200关设定'!V79),"",'1-200关设定'!V79) -> 3 | J79: =IF(G79="","",1-EXP(-G79/参数配置!O83)) | K79: =IF(H79="","",((H79-2)/4)^2) -> 0.25 | L79: =IF(I79="","",1-2^(-I79)) -> 0.875 | M79: =IF(G79="","",(参数配置!O79*K79+参数配置!O80*(J79-(1-EXP(-200/参数配置!O83)))/((1-EXP(-1500/参数配置!O83))-(1-EXP(-200/参数配置!O83)))+参数配置!O81*(L79/(1-2^(-5)))+参数配置!O82*K79*(J79-(1-EXP(-200/参数配置!O83)))/((1-EXP(-1500/参数配置!O83))-(1-EXP(-200/参数配置!O83))))*100) | N79: {=IF(G79>0,RLD_Label(G79,H79,I79),"")} | O79: 2 | P79: =IFERROR(INDEX(参数配置!B:B,MATCH(O79,参数配置!A:A,0)),"") -> 波动前进
B80: 79 | C80: normal | D80: 0.85 | H80: =IF(ISBLANK('1-200关设定'!W80),"",'1-200关设定'!W80) -> 4 | I80: =IF(ISBLANK('1-200关设定'!V80),"",'1-200关设定'!V80) -> 3 | J80: =IF(G80="","",1-EXP(-G80/参数配置!O84)) | K80: =IF(H80="","",((H80-2)/4)^2) -> 0.25 | L80: =IF(I80="","",1-2^(-I80)) -> 0.875 | M80: =IF(G80="","",(参数配置!O80*K80+参数配置!O81*(J80-(1-EXP(-200/参数配置!O84)))/((1-EXP(-1500/参数配置!O84))-(1-EXP(-200/参数配置!O84)))+参数配置!O82*(L80/(1-2^(-5)))+参数配置!O83*K80*(J80-(1-EXP(-200/参数配置!O84)))/((1-EXP(-1500/参数配置!O84))-(1-EXP(-200/参数配置!O84))))*100) | N80: {=IF(G80>0,RLD_Label(G80,H80,I80),"")} | O80: 3 | P80: =IFERROR(INDEX(参数配置!B:B,MATCH(O80,参数配置!A:A,0)),"") -> 阶梯上升
B81: 80 | C81: hard | D81: 0.6 | H81: =IF(ISBLANK('1-200关设定'!W81),"",'1-200关设定'!W81) -> 5 | I81: =IF(ISBLANK('1-200关设定'!V81),"",'1-200关设定'!V81) -> 1 | J81: =IF(G81="","",1-EXP(-G81/参数配置!O85)) | K81: =IF(H81="","",((H81-2)/4)^2) -> 0.5625 | L81: =IF(I81="","",1-2^(-I81)) -> 0.5 | M81: =IF(G81="","",(参数配置!O81*K81+参数配置!O82*(J81-(1-EXP(-200/参数配置!O85)))/((1-EXP(-1500/参数配置!O85))-(1-EXP(-200/参数配置!O85)))+参数配置!O83*(L81/(1-2^(-5)))+参数配置!O84*K81*(J81-(1-EXP(-200/参数配置!O85)))/((1-EXP(-1500/参数配置!O85))-(1-EXP(-200/参数配置!O85))))*100) | N81: {=IF(G81>0,RLD_Label(G81,H81,I81),"")} | O81: 3 | P81: =IFERROR(INDEX(参数配置!B:B,MATCH(O81,参数配置!A:A,0)),"") -> 阶梯上升
B82: 81 | C82: normal | D82: 0.85 | H82: =IF(ISBLANK('1-200关设定'!W82),"",'1-200关设定'!W82) -> 4 | I82: =IF(ISBLANK('1-200关设定'!V82),"",'1-200关设定'!V82) -> 3 | J82: =IF(G82="","",1-EXP(-G82/参数配置!O86)) | K82: =IF(H82="","",((H82-2)/4)^2) -> 0.25 | L82: =IF(I82="","",1-2^(-I82)) -> 0.875 | M82: =IF(G82="","",(参数配置!O82*K82+参数配置!O83*(J82-(1-EXP(-200/参数配置!O86)))/((1-EXP(-1500/参数配置!O86))-(1-EXP(-200/参数配置!O86)))+参数配置!O84*(L82/(1-2^(-5)))+参数配置!O85*K82*(J82-(1-EXP(-200/参数配置!O86)))/((1-EXP(-1500/参数配置!O86))-(1-EXP(-200/参数配置!O86))))*100) | N82: {=IF(G82>0,RLD_Label(G82,H82,I82),"")} | O82: 2 | P82: =IFERROR(INDEX(参数配置!B:B,MATCH(O82,参数配置!A:A,0)),"") -> 波动前进
B83: 82 | C83: normal | D83: 0.85 | H83: =IF(ISBLANK('1-200关设定'!W83),"",'1-200关设定'!W83) -> 4 | I83: =IF(ISBLANK('1-200关设定'!V83),"",'1-200关设定'!V83) -> 3 | J83: =IF(G83="","",1-EXP(-G83/参数配置!O87)) | K83: =IF(H83="","",((H83-2)/4)^2) -> 0.25 | L83: =IF(I83="","",1-2^(-I83)) -> 0.875 | M83: =IF(G83="","",(参数配置!O83*K83+参数配置!O84*(J83-(1-EXP(-200/参数配置!O87)))/((1-EXP(-1500/参数配置!O87))-(1-EXP(-200/参数配置!O87)))+参数配置!O85*(L83/(1-2^(-5)))+参数配置!O86*K83*(J83-(1-EXP(-200/参数配置!O87)))/((1-EXP(-1500/参数配置!O87))-(1-EXP(-200/参数配置!O87))))*100) | N83: {=IF(G83>0,RLD_Label(G83,H83,I83),"")} | O83: 2 | P83: =IFERROR(INDEX(参数配置!B:B,MATCH(O83,参数配置!A:A,0)),"") -> 波动前进
B84: 83 | C84: hard | D84: 0.6 | H84: =IF(ISBLANK('1-200关设定'!W84),"",'1-200关设定'!W84) -> 4 | I84: =IF(ISBLANK('1-200关设定'!V84),"",'1-200关设定'!V84) -> 3 | J84: =IF(G84="","",1-EXP(-G84/参数配置!O88)) | K84: =IF(H84="","",((H84-2)/4)^2) -> 0.25 | L84: =IF(I84="","",1-2^(-I84)) -> 0.875 | M84: =IF(G84="","",(参数配置!O84*K84+参数配置!O85*(J84-(1-EXP(-200/参数配置!O88)))/((1-EXP(-1500/参数配置!O88))-(1-EXP(-200/参数配置!O88)))+参数配置!O86*(L84/(1-2^(-5)))+参数配置!O87*K84*(J84-(1-EXP(-200/参数配置!O88)))/((1-EXP(-1500/参数配置!O88))-(1-EXP(-200/参数配置!O88))))*100) | N84: {=IF(G84>0,RLD_Label(G84,H84,I84),"")} | O84: 3 | P84: =IFERROR(INDEX(参数配置!B:B,MATCH(O84,参数配置!A:A,0)),"") -> 阶梯上升
B85: 84 | C85: normal | D85: 0.85 | H85: =IF(ISBLANK('1-200关设定'!W85),"",'1-200关设定'!W85) -> 4 | I85: =IF(ISBLANK('1-200关设定'!V85),"",'1-200关设定'!V85) -> 3 | J85: =IF(G85="","",1-EXP(-G85/参数配置!O89)) | K85: =IF(H85="","",((H85-2)/4)^2) -> 0.25 | L85: =IF(I85="","",1-2^(-I85)) -> 0.875 | M85: =IF(G85="","",(参数配置!O85*K85+参数配置!O86*(J85-(1-EXP(-200/参数配置!O89)))/((1-EXP(-1500/参数配置!O89))-(1-EXP(-200/参数配置!O89)))+参数配置!O87*(L85/(1-2^(-5)))+参数配置!O88*K85*(J85-(1-EXP(-200/参数配置!O89)))/((1-EXP(-1500/参数配置!O89))-(1-EXP(-200/参数配置!O89))))*100) | N85: {=IF(G85>0,RLD_Label(G85,H85,I85),"")} | O85: 6 | P85: =IFERROR(INDEX(参数配置!B:B,MATCH(O85,参数配置!A:A,0)),"") -> 先易后难
B86: 85 | C86: normal | D86: 0.85 | H86: =IF(ISBLANK('1-200关设定'!W86),"",'1-200关设定'!W86) -> 4 | I86: =IF(ISBLANK('1-200关设定'!V86),"",'1-200关设定'!V86) -> 3 | J86: =IF(G86="","",1-EXP(-G86/参数配置!O90)) | K86: =IF(H86="","",((H86-2)/4)^2) -> 0.25 | L86: =IF(I86="","",1-2^(-I86)) -> 0.875 | M86: =IF(G86="","",(参数配置!O86*K86+参数配置!O87*(J86-(1-EXP(-200/参数配置!O90)))/((1-EXP(-1500/参数配置!O90))-(1-EXP(-200/参数配置!O90)))+参数配置!O88*(L86/(1-2^(-5)))+参数配置!O89*K86*(J86-(1-EXP(-200/参数配置!O90)))/((1-EXP(-1500/参数配置!O90))-(1-EXP(-200/参数配置!O90))))*100) | N86: {=IF(G86>0,RLD_Label(G86,H86,I86),"")} | O86: 3 | P86: =IFERROR(INDEX(参数配置!B:B,MATCH(O86,参数配置!A:A,0)),"") -> 阶梯上升
... B91: 90 | C91: normal | D91: 0.85 | H91: =IF(ISBLANK('1-200关设定'!W91),"",'1-200关设定'!W91) -> 4 | I91: =IF(ISBLANK('1-200关设定'!V91),"",'1-200关设定'!V91) -> 4 | J91: =IF(G91="","",1-EXP(-G91/参数配置!O95)) | K91: =IF(H91="","",((H91-2)/4)^2) -> 0.25 | L91: =IF(I91="","",1-2^(-I91)) -> 0.9375 | M91: =IF(G91="","",(参数配置!O91*K91+参数配置!O92*(J91-(1-EXP(-200/参数配置!O95)))/((1-EXP(-1500/参数配置!O95))-(1-EXP(-200/参数配置!O95)))+参数配置!O93*(L91/(1-2^(-5)))+参数配置!O94*K91*(J91-(1-EXP(-200/参数配置!O95)))/((1-EXP(-1500/参数配置!O95))-(1-EXP(-200/参数配置!O95))))*100) | N91: {=IF(G91>0,RLD_Label(G91,H91,I91),"")} | O91: 3 | P91: =IFERROR(INDEX(参数配置!B:B,MATCH(O91,参数配置!A:A,0)),"") -> 阶梯上升
A92: 锁 | B92: 91 | C92: normal | D92: 0.85 | E92: 锁 | H92: =IF(ISBLANK('1-200关设定'!W92),"",'1-200关设定'!W92) -> 4 | I92: =IF(ISBLANK('1-200关设定'!V92),"",'1-200关设定'!V92) -> 1 | J92: =IF(G92="","",1-EXP(-G92/参数配置!O96)) | K92: =IF(H92="","",((H92-2)/4)^2) -> 0.25 | L92: =IF(I92="","",1-2^(-I92)) -> 0.5 | M92: =IF(G92="","",(参数配置!O92*K92+参数配置!O93*(J92-(1-EXP(-200/参数配置!O96)))/((1-EXP(-1500/参数配置!O96))-(1-EXP(-200/参数配置!O96)))+参数配置!O94*(L92/(1-2^(-5)))+参数配置!O95*K92*(J92-(1-EXP(-200/参数配置!O96)))/((1-EXP(-1500/参数配置!O96))-(1-EXP(-200/参数配置!O96))))*100) | N92: {=IF(G92>0,RLD_Label(G92,H92,I92),"")} | O92: 6 | P92: =IFERROR(INDEX(参数配置!B:B,MATCH(O92,参数配置!A:A,0)),"") -> 先易后难
B93: 92 | C93: normal | D93: 0.85 | H93: =IF(ISBLANK('1-200关设定'!W93),"",'1-200关设定'!W93) -> 4 | I93: =IF(ISBLANK('1-200关设定'!V93),"",'1-200关设定'!V93) -> 2 | J93: =IF(G93="","",1-EXP(-G93/参数配置!O97)) | K93: =IF(H93="","",((H93-2)/4)^2) -> 0.25 | L93: =IF(I93="","",1-2^(-I93)) -> 0.75 | M93: =IF(G93="","",(参数配置!O93*K93+参数配置!O94*(J93-(1-EXP(-200/参数配置!O97)))/((1-EXP(-1500/参数配置!O97))-(1-EXP(-200/参数配置!O97)))+参数配置!O95*(L93/(1-2^(-5)))+参数配置!O96*K93*(J93-(1-EXP(-200/参数配置!O97)))/((1-EXP(-1500/参数配置!O97))-(1-EXP(-200/参数配置!O97))))*100) | N93: {=IF(G93>0,RLD_Label(G93,H93,I93),"")} | O93: 2 | P93: =IFERROR(INDEX(参数配置!B:B,MATCH(O93,参数配置!A:A,0)),"") -> 波动前进
B94: 93 | C94: normal | D94: 0.85 | H94: =IF(ISBLANK('1-200关设定'!W94),"",'1-200关设定'!W94) -> 4 | I94: =IF(ISBLANK('1-200关设定'!V94),"",'1-200关设定'!V94) -> 4 | J94: =IF(G94="","",1-EXP(-G94/参数配置!O98)) | K94: =IF(H94="","",((H94-2)/4)^2) -> 0.25 | L94: =IF(I94="","",1-2^(-I94)) -> 0.9375 | M94: =IF(G94="","",(参数配置!O94*K94+参数配置!O95*(J94-(1-EXP(-200/参数配置!O98)))/((1-EXP(-1500/参数配置!O98))-(1-EXP(-200/参数配置!O98)))+参数配置!O96*(L94/(1-2^(-5)))+参数配置!O97*K94*(J94-(1-EXP(-200/参数配置!O98)))/((1-EXP(-1500/参数配置!O98))-(1-EXP(-200/参数配置!O98))))*100) | N94: {=IF(G94>0,RLD_Label(G94,H94,I94),"")} | O94: 2 | P94: =IFERROR(INDEX(参数配置!B:B,MATCH(O94,参数配置!A:A,0)),"") -> 波动前进
B95: 94 | C95: hard | D95: 0.6 | H95: =IF(ISBLANK('1-200关设定'!W95),"",'1-200关设定'!W95) -> 4 | I95: =IF(ISBLANK('1-200关设定'!V95),"",'1-200关设定'!V95) -> 3 | J95: =IF(G95="","",1-EXP(-G95/参数配置!O99)) | K95: =IF(H95="","",((H95-2)/4)^2) -> 0.25 | L95: =IF(I95="","",1-2^(-I95)) -> 0.875 | M95: =IF(G95="","",(参数配置!O95*K95+参数配置!O96*(J95-(1-EXP(-200/参数配置!O99)))/((1-EXP(-1500/参数配置!O99))-(1-EXP(-200/参数配置!O99)))+参数配置!O97*(L95/(1-2^(-5)))+参数配置!O98*K95*(J95-(1-EXP(-200/参数配置!O99)))/((1-EXP(-1500/参数配置!O99))-(1-EXP(-200/参数配置!O99))))*100) | N95: {=IF(G95>0,RLD_Label(G95,H95,I95),"")} | O95: 3 | P95: =IFERROR(INDEX(参数配置!B:B,MATCH(O95,参数配置!A:A,0)),"") -> 阶梯上升
B96: 95 | C96: normal | D96: 0.85 | H96: =IF(ISBLANK('1-200关设定'!W96),"",'1-200关设定'!W96) -> 4 | I96: =IF(ISBLANK('1-200关设定'!V96),"",'1-200关设定'!V96) -> 4 | J96: =IF(G96="","",1-EXP(-G96/参数配置!O100)) | K96: =IF(H96="","",((H96-2)/4)^2) -> 0.25 | L96: =IF(I96="","",1-2^(-I96)) -> 0.9375 | M96: =IF(G96="","",(参数配置!O96*K96+参数配置!O97*(J96-(1-EXP(-200/参数配置!O100)))/((1-EXP(-1500/参数配置!O100))-(1-EXP(-200/参数配置!O100)))+参数配置!O98*(L96/(1-2^(-5)))+参数配置!O99*K96*(J96-(1-EXP(-200/参数配置!O100)))/((1-EXP(-1500/参数配置!O100))-(1-EXP(-200/参数配置!O100))))*100) | N96: {=IF(G96>0,RLD_Label(G96,H96,I96),"")} | O96: 4 | P96: =IFERROR(INDEX(参数配置!B:B,MATCH(O96,参数配置!A:A,0)),"") -> 双峰值
B97: 96 | C97: hard | D97: 0.6 | H97: =IF(ISBLANK('1-200关设定'!W97),"",'1-200关设定'!W97) -> 4 | I97: =IF(ISBLANK('1-200关设定'!V97),"",'1-200关设定'!V97) -> 4 | J97: =IF(G97="","",1-EXP(-G97/参数配置!O101)) | K97: =IF(H97="","",((H97-2)/4)^2) -> 0.25 | L97: =IF(I97="","",1-2^(-I97)) -> 0.9375 | M97: =IF(G97="","",(参数配置!O97*K97+参数配置!O98*(J97-(1-EXP(-200/参数配置!O101)))/((1-EXP(-1500/参数配置!O101))-(1-EXP(-200/参数配置!O101)))+参数配置!O99*(L97/(1-2^(-5)))+参数配置!O100*K97*(J97-(1-EXP(-200/参数配置!O101)))/((1-EXP(-1500/参数配置!O101))-(1-EXP(-200/参数配置!O101))))*100) | N97: {=IF(G97>0,RLD_Label(G97,H97,I97),"")} | O97: 2 | P97: =IFERROR(INDEX(参数配置!B:B,MATCH(O97,参数配置!A:A,0)),"") -> 波动前进
B98: 97 | C98: normal | D98: 0.85 | H98: =IF(ISBLANK('1-200关设定'!W98),"",'1-200关设定'!W98) -> 4 | I98: =IF(ISBLANK('1-200关设定'!V98),"",'1-200关设定'!V98) -> 2 | J98: =IF(G98="","",1-EXP(-G98/参数配置!O102)) | K98: =IF(H98="","",((H98-2)/4)^2) -> 0.25 | L98: =IF(I98="","",1-2^(-I98)) -> 0.75 | M98: =IF(G98="","",(参数配置!O98*K98+参数配置!O99*(J98-(1-EXP(-200/参数配置!O102)))/((1-EXP(-1500/参数配置!O102))-(1-EXP(-200/参数配置!O102)))+参数配置!O100*(L98/(1-2^(-5)))+参数配置!O101*K98*(J98-(1-EXP(-200/参数配置!O102)))/((1-EXP(-1500/参数配置!O102))-(1-EXP(-200/参数配置!O102))))*100) | N98: {=IF(G98>0,RLD_Label(G98,H98,I98),"")} | O98: 2 | P98: =IFERROR(INDEX(参数配置!B:B,MATCH(O98,参数配置!A:A,0)),"") -> 波动前进
B99: 98 | C99: superhard | D99: 0.4 | H99: =IF(ISBLANK('1-200关设定'!W99),"",'1-200关设定'!W99) -> 5 | I99: =IF(ISBLANK('1-200关设定'!V99),"",'1-200关设定'!V99) -> 2 | J99: =IF(G99="","",1-EXP(-G99/参数配置!O103)) | K99: =IF(H99="","",((H99-2)/4)^2) -> 0.5625 | L99: =IF(I99="","",1-2^(-I99)) -> 0.75 | M99: =IF(G99="","",(参数配置!O99*K99+参数配置!O100*(J99-(1-EXP(-200/参数配置!O103)))/((1-EXP(-1500/参数配置!O103))-(1-EXP(-200/参数配置!O103)))+参数配置!O101*(L99/(1-2^(-5)))+参数配置!O102*K99*(J99-(1-EXP(-200/参数配置!O103)))/((1-EXP(-1500/参数配置!O103))-(1-EXP(-200/参数配置!O103))))*100) | N99: {=IF(G99>0,RLD_Label(G99,H99,I99),"")} | O99: 6 | P99: =IFERROR(INDEX(参数配置!B:B,MATCH(O99,参数配置!A:A,0)),"") -> 先易后难
B100: 99 | C100: normal | D100: 0.85 | H100: =IF(ISBLANK('1-200关设定'!W100),"",'1-200关设定'!W100) -> 4 | I100: =IF(ISBLANK('1-200关设定'!V100),"",'1-200关设定'!V100) -> 3 | J100: =IF(G100="","",1-EXP(-G100/参数配置!O104)) | K100: =IF(H100="","",((H100-2)/4)^2) -> 0.25 | L100: =IF(I100="","",1-2^(-I100)) -> 0.875 | M100: =IF(G100="","",(参数配置!O100*K100+参数配置!O101*(J100-(1-EXP(-200/参数配置!O104)))/((1-EXP(-1500/参数配置!O104))-(1-EXP(-200/参数配置!O104)))+参数配置!O102*(L100/(1-2^(-5)))+参数配置!O103*K100*(J100-(1-EXP(-200/参数配置!O104)))/((1-EXP(-1500/参数配置!O104))-(1-EXP(-200/参数配置!O104))))*100) | N100: {=IF(G100>0,RLD_Label(G100,H100,I100),"")} | O100: 2 | P100: =IFERROR(INDEX(参数配置!B:B,MATCH(O100,参数配置!A:A,0)),"") -> 波动前进
B101: 100 | C101: normal | D101: 0.85 | H101: =IF(ISBLANK('1-200关设定'!W101),"",'1-200关设定'!W101) -> 4 | I101: =IF(ISBLANK('1-200关设定'!V101),"",'1-200关设定'!V101) -> 3 | J101: =IF(G101="","",1-EXP(-G101/参数配置!O105)) | K101: =IF(H101="","",((H101-2)/4)^2) -> 0.25 | L101: =IF(I101="","",1-2^(-I101)) -> 0.875 | M101: =IF(G101="","",(参数配置!O101*K101+参数配置!O102*(J101-(1-EXP(-200/参数配置!O105)))/((1-EXP(-1500/参数配置!O105))-(1-EXP(-200/参数配置!O105)))+参数配置!O103*(L101/(1-2^(-5)))+参数配置!O104*K101*(J101-(1-EXP(-200/参数配置!O105)))/((1-EXP(-1500/参数配置!O105))-(1-EXP(-200/参数配置!O105))))*100) | N101: {=IF(G101>0,RLD_Label(G101,H101,I101),"")} | O101: 3 | P101: =IFERROR(INDEX(参数配置!B:B,MATCH(O101,参数配置!A:A,0)),"") -> 阶梯上升
A102: 复习关（多机制组合） | B102: 101 | C102: normal | D102: 0.85 | H102: =IF(ISBLANK('1-200关设定'!W102),"",'1-200关设定'!W102) -> 4 | I102: =IF(ISBLANK('1-200关设定'!V102),"",'1-200关设定'!V102) -> 4 | J102: =IF(G102="","",1-EXP(-G102/参数配置!O106)) | K102: =IF(H102="","",((H102-2)/4)^2) -> 0.25 | L102: =IF(I102="","",1-2^(-I102)) -> 0.9375 | M102: =IF(G102="","",(参数配置!O102*K102+参数配置!O103*(J102-(1-EXP(-200/参数配置!O106)))/((1-EXP(-1500/参数配置!O106))-(1-EXP(-200/参数配置!O106)))+参数配置!O104*(L102/(1-2^(-5)))+参数配置!O105*K102*(J102-(1-EXP(-200/参数配置!O106)))/((1-EXP(-1500/参数配置!O106))-(1-EXP(-200/参数配置!O106))))*100) | N102: {=IF(G102>0,RLD_Label(G102,H102,I102),"")} | O102: 2 | P102: =IFERROR(INDEX(参数配置!B:B,MATCH(O102,参数配置!A:A,0)),"") -> 波动前进
B103: 102 | C103: normal | D103: 0.85 | H103: =IF(ISBLANK('1-200关设定'!W103),"",'1-200关设定'!W103) -> 4 | I103: =IF(ISBLANK('1-200关设定'!V103),"",'1-200关设定'!V103) -> 4 | J103: =IF(G103="","",1-EXP(-G103/参数配置!O107)) | K103: =IF(H103="","",((H103-2)/4)^2) -> 0.25 | L103: =IF(I103="","",1-2^(-I103)) -> 0.9375 | M103: =IF(G103="","",(参数配置!O103*K103+参数配置!O104*(J103-(1-EXP(-200/参数配置!O107)))/((1-EXP(-1500/参数配置!O107))-(1-EXP(-200/参数配置!O107)))+参数配置!O105*(L103/(1-2^(-5)))+参数配置!O106*K103*(J103-(1-EXP(-200/参数配置!O107)))/((1-EXP(-1500/参数配置!O107))-(1-EXP(-200/参数配置!O107))))*100) | N103: {=IF(G103>0,RLD_Label(G103,H103,I103),"")} | O103: 2 | P103: =IFERROR(INDEX(参数配置!B:B,MATCH(O103,参数配置!A:A,0)),"") -> 波动前进
B104: 103 | C104: hard | D104: 0.6 | H104: =IF(ISBLANK('1-200关设定'!W104),"",'1-200关设定'!W104) -> 4 | I104: =IF(ISBLANK('1-200关设定'!V104),"",'1-200关设定'!V104) -> 3 | J104: =IF(G104="","",1-EXP(-G104/参数配置!O108)) | K104: =IF(H104="","",((H104-2)/4)^2) -> 0.25 | L104: =IF(I104="","",1-2^(-I104)) -> 0.875 | M104: =IF(G104="","",(参数配置!O104*K104+参数配置!O105*(J104-(1-EXP(-200/参数配置!O108)))/((1-EXP(-1500/参数配置!O108))-(1-EXP(-200/参数配置!O108)))+参数配置!O106*(L104/(1-2^(-5)))+参数配置!O107*K104*(J104-(1-EXP(-200/参数配置!O108)))/((1-EXP(-1500/参数配置!O108))-(1-EXP(-200/参数配置!O108))))*100) | N104: {=IF(G104>0,RLD_Label(G104,H104,I104),"")} | O104: 4 | P104: =IFERROR(INDEX(参数配置!B:B,MATCH(O104,参数配置!A:A,0)),"") -> 双峰值
...

Sheet 参数配置
A1: 死亡分布配置 | M1: RLD参数配置
A2: 编号 | B2: 名称 | C2: 死亡分布 | M2: W_search (颜色搜索): | O2: 0.3
A3: 1 | B3: 平缓推进 | C3: 0.1,0.1,0.1,0.1,0.1,0.1,0.1,0.1,0.1,0.1 | M3: W_endurance (操作耐力): | O3: 0.35
A4: 2 | B4: 波动前进 | C4: 0,0.2,0,0.2,0,0.2,0,0.2,0,0.2 | M4: W_strategy (策略复杂度): | O4: 0.15
A5: 3 | B5: 阶梯上升 | C5: 0,0,0.018,0.042,0.109,0.159,0.213,0.282,0.121,0.056 | M5: W_search×endurance (交互): | O5: 0.2
A6: 4 | B6: 双峰值 | C6: 0,0,0.125,0.25,0.125,0,0.125,0.25,0.125,0 | M6: λ (endurance threshold): | O6: 800
A7: 5 | B7: 起死回生 | C7: 0,0,0.027,0.126,0.31,0.537,0,0,0,0
A8: 6 | B8: 先易后难 | C8: 0,0,0,0,0.025,0.084,0.183,0.52,0.188,0
A9: 7 | B9: 先难后易 | C9: 0,0.176,0.341,0.251,0.141,0.085,0,0,0,0
M11: Quick Reference - Micro-Difficulty Values
M13: F_search(N_c) = ((N_c - 2) / 4)²
M14: N_c (Color Count) | N14: F_search | O14: F_search_norm | P14: Experience
M15: 2 | N15: =((M15-2)/4)^2 -> 0 | O15: =N15 -> 0 | P15: 极简 - Tutorial only
M16: 3 | N16: =((M16-2)/4)^2 -> 0.0625 | O16: =N16 -> 0.0625 | P16: 简单 - Early game
M17: 4 | N17: =((M17-2)/4)^2 -> 0.25 | O17: =N17 -> 0.25 | P17: 标准 - Core gameplay
M18: 5 | N18: =((M18-2)/4)^2 -> 0.5625 | O18: =N18 -> 0.5625 | P18: 困难 - Key difficulty jump!
M19: 6 | N19: =((M19-2)/4)^2 -> 1 | O19: =N19 -> 1 | P19: 极难 - Boss levels only
M22: F_strategy(N_s) = 1 - 2^(-N_s)
M23: N_s (Special Block Types) | N23: F_strategy | O23: F_strategy_norm | P23: Experience
M24: 0 | N24: =1-2^(-M24) -> 0 | O24: =N24/(1-2^(-5)) -> 0 | P24: 纯色消除 - Boring without specials
M25: 1 | N25: =1-2^(-M25) -> 0.5 | O25: =N25/(1-2^(-5)) -> 0.51612903 | P25: 单一机制 - Standard
M26: 2 | N26: =1-2^(-M26) -> 0.75 | O26: =N26/(1-2^(-5)) -> 0.77419355 | P26: 双重机制 - Core gameplay
M27: 3 | N27: =1-2^(-M27) -> 0.875 | O27: =N27/(1-2^(-5)) -> 0.90322581 | P27: 三重机制 - Complex
M28: 4 | N28: =1-2^(-M28) -> 0.9375 | O28: =N28/(1-2^(-5)) -> 0.96774194 | P28: 四重机制 - Very complex
M29: 5 | N29: =1-2^(-M29) -> 0.96875 | O29: =N29/(1-2^(-5)) -> 1 | P29: 五重机制 - Extreme
M32: F_endurance(N_b) = 1 - exp(-N_b / λ)
M33: N_b (Total Blocks) | N33: F_endurance | O33: F_endurance_norm | P33: Experience
M34: 200 | N34: =1-EXP(-M34/O6) -> 0.22119922 | O34: =(N34-(1-EXP(-200/O6)))/((1-EXP(-1500/O6))-(1-EXP(-200/O6))) -> 0 | P34: 极简 - Tutorial
M35: 300 | N35: =1-EXP(-M35/O6) -> 0.31271072 | O35: =(N35-(1-EXP(-200/O6)))/((1-EXP(-1500/O6))-(1-EXP(-200/O6))) -> 0.14631404 | P35: 简单
M36: 400 | N36: =1-EXP(-M36/O6) -> 0.39346934 | O36: =(N36-(1-EXP(-200/O6)))/((1-EXP(-1500/O6))-(1-EXP(-200/O6))) -> 0.27543573 | P36: 入门
M37: 500 | N37: =1-EXP(-M37/O6) -> 0.46473857 | O37: =(N37-(1-EXP(-200/O6)))/((1-EXP(-1500/O6))-(1-EXP(-200/O6))) -> 0.38938522 | P37: 舒适区下限
M38: 600 | N38: =1-EXP(-M38/O6) -> 0.52763345 | O38: =(N38-(1-EXP(-200/O6)))/((1-EXP(-1500/O6))-(1-EXP(-200/O6))) -> 0.48994529 | P38: 舒适区
M39: 700 | N39: =1-EXP(-M39/O6) -> 0.58313798 | O39: =(N39-(1-EXP(-200/O6)))/((1-EXP(-1500/O6))-(1-EXP(-200/O6))) -> 0.57868924 | P39: 舒适区上限
M40: 800 | N40: =1-EXP(-M40/O6) -> 0.63212056 | O40: =(N40-(1-EXP(-200/O6)))/((1-EXP(-1500/O6))-(1-EXP(-200/O6))) -> 0.6570055 | P40: 标准挑战
M41: 900 | N41: =1-EXP(-M41/O6) -> 0.67534753 | O41: =(N41-(1-EXP(-200/O6)))/((1-EXP(-1500/O6))-(1-EXP(-200/O6))) -> 0.72611936 | P41: 有挑战
M42: 1000 | N42: =1-EXP(-M42/O6) -> 0.7134952 | O42: =(N42-(1-EXP(-200/O6)))/((1-EXP(-1500/O6))-(1-EXP(-200/O6))) -> 0.78711213 | P42: 高挑战
M43: 1100 | N43: =1-EXP(-M43/O6) -> 0.7471604 | O43: =(N43-(1-EXP(-200/O6)))/((1-EXP(-1500/O6))-(1-EXP(-200/O6))) -> 0.84093805 | P43: 高疲劳
M44: 1200 | N44: =1-EXP(-M44/O6) -> 0.77686984 | O44: =(N44-(1-EXP(-200/O6)))/((1-EXP(-1500/O6))-(1-EXP(-200/O6))) -> 0.88843927 | P44: 极高疲劳
M45: 1300 | N45: =1-EXP(-M45/O6) -> 0.80308832 | O45: =(N45-(1-EXP(-200/O6)))/((1-EXP(-1500/O6))-(1-EXP(-200/O6))) -> 0.93035894 | P45: 极限
M46: 1400 | N46: =1-EXP(-M46/O6) -> 0.82622606 | O46: =(N46-(1-EXP(-200/O6)))/((1-EXP(-1500/O6))-(1-EXP(-200/O6))) -> 0.96735292 | P46: 超极限 - Avoid!
M47: 1500 | N47: =1-EXP(-M47/O6) -> 0.84664503 | O47: =(N47-(1-EXP(-200/O6)))/((1-EXP(-1500/O6))-(1-EXP(-200/O6))) -> 1 | P47: 超极限 - Avoid!

Sheet 公式说明
A1: RLD Difficulty Formula - Complete Reference
B3: COMPLETE FORMULA
A4: Score | B4: =(W_s*F_search_norm+W_e*F_endurance_norm+W_t*F_strategy_norm+W_se*F_search_norm*F_endurance_norm)*100 -> #NAME?
B6: MICRO-DIFFICULTY FUNCTIONS
A7: F_search(N_c) | C7: Visual search difficulty | D7: 2色=0, 3色=0.063, 4色=0.250, 5色=0.562, 6色=1.000
A8: F_endurance(N_b) | B8: =1-EXP(-N_b/λ) -> #NAME? | C8: Endurance/fatigue difficulty | D8: λ=800: 200块=0.22, 800块=0.63, 1500块=0.85
A9: F_strategy(N_s) | B9: =1-2^(-N_s) -> #NAME? | C9: Strategy complexity | D9: 0种=0, 1种=0.50, 2种=0.75, 3种=0.875, 5种=0.969
B11: NORMALIZATION
A12: F_norm | B12: =(F-F_min)/(F_max-F_min) -> #NAME? | C12: Scale to [0, 1] | D12: Ensures equal contribution range
A13: F_search_norm | B13: =F_search (already #REF!) -> #NAME? | C13: Min at N_c=2, Max at N_c=6
A14: F_endurance_norm | B14: =(F-F(200))/(F(1500)-F(200)) -> #NAME? | C14: Min at blocks=200, Max at blocks=1500
A15: F_strategy_norm | B15: =F_strategy/F_strategy(5) -> #NAME? | C15: Min at N_s=0, Max at N_s=5
B17: WEIGHTS
A18: W_search | B18: =0.3 -> 0.3 | C18: Color is the core Blast lever | D18: Probability of same-color match ∝ 1/N_c^4
A19: W_endurance | B19: =0.35 -> 0.35 | C19: Blocks drive fatigue | D19: Largest continuous variable (52 unique values)
A20: W_strategy | B20: =0.15 -> 0.15 | C20: Special blocks add complexity | D20: Important but not core difficulty driver
A21: W_search×endurance | B21: =0.2 -> 0.2 | C21: Interaction: color amplifies block difficulty | D21: RLD key insight: difficulty is multiplicative, not additive
B23: DIFFICULTY LABELS
A24: D0 (Easy) | B24: Score < 35 | C24: Relaxed gameplay
A25: D1 (Medium) | B25: 35 ≤ Score < 55 | C25: Moderate challenge
A26: D2 (Hard) | B26: Score ≥ 55 | C26: High challenge
B28: CALIBRATION (when you have playtest data)
A29: Step 1 | B29: Collect: pass_rate, avg_attempts, churn_rate per level
A30: Step 2 | B30: Define: true_diff = -log(pass_rate) × (1+churn_rate) × avg_attempts
A31: Step 3 | B31: Regress: true_diff ~ F_search + F_endurance + F_strategy + F_search×F_endurance
A32: Step 4 | B32: Use regression coefficients as calibrated weights
A33: Step 5 | B33: Grid search λ ∈ [600,1000] to maximize R²
