Workbook

Sheet LevelTierData
A1: pack | B1: levelName | C1: difficultyLevel | D1: difficultyLabel | E1: tier | F1: isBaseTop | G1: StartDifficulty | H1: LevelDifficultyFactor | I1: ShuffleSplitCount | J1: ShuffleSplitRatios | K1: ShuffleOverflowFactor | L1: runCount | M1: winCount | N1: failCount | O1: winRate | P1: avgQueueEff | Q1: failBucketDistribution
A2: funnel_b | B2: 1 | C2: 0 | D2: normal | E2: 1 | F2: 0 | G2: 18 | H2: 12 | I2: 3 | J2: 1,2,1 | K2: 0.75 | L2: 0 | M2: 0 | N2: 0 | O2: =IF(M3>0,N3/M3,0) -> 0
A3: funnel_b | E3: 2 | F3: 0 | G3: 18 | H3: 12 | I3: 3 | J3: 1,2,1 | K3: 0.75 | L3: 0 | M3: 0 | N3: 0 | O3: =IF(M4>0,N4/M4,0) -> 0
A4: funnel_b | E4: 3 | F4: 0 | G4: 18 | H4: 12 | I4: 3 | J4: 1,2,1 | K4: 0.75 | L4: 0 | M4: 0 | N4: 0 | O4: =IF(M5>0,N5/M5,0) -> 0
A5: funnel_b | E5: 4 | F5: 0 | G5: 18 | H5: 12 | I5: 3 | J5: 1,2,1 | K5: 0.75 | L5: 0 | M5: 0 | N5: 0 | O5: =IF(M6>0,N6/M6,0) -> 0
A6: funnel_b | E6: 5 | F6: 0 | G6: 18 | H6: 12 | I6: 3 | J6: 1,2,1 | K6: 0.75 | L6: 0 | M6: 0 | N6: 0 | O6: =IF(M7>0,N7/M7,0) -> 0
A7: funnel_b | B7: 2 | C7: 0 | D7: normal | E7: 1 | F7: 0 | G7: 18 | H7: 12 | I7: 3 | J7: 1,2,1 | K7: 0.75 | L7: 0 | M7: 0 | N7: 0 | O7: =IF(M9>0,N9/M9,0) -> 0
A8: funnel_b | E8: 2 | F8: 0 | G8: 18 | H8: 12 | I8: 3 | J8: 1,2,1 | K8: 0.75 | L8: 0 | M8: 0 | N8: 0 | O8: =IF(M10>0,N10/M10,0) -> 0
A9: funnel_b | E9: 3 | F9: 0 | G9: 18 | H9: 12 | I9: 3 | J9: 1,2,1 | K9: 0.75 | L9: 0 | M9: 0 | N9: 0 | O9: =IF(M11>0,N11/M11,0) -> 0
A10: funnel_b | E10: 4 | F10: 0 | G10: 18 | H10: 12 | I10: 3 | J10: 1,2,1 | K10: 0.75 | L10: 0 | M10: 0 | N10: 0 | O10: =IF(M12>0,N12/M12,0) -> 0
A11: funnel_b | E11: 5 | F11: 0 | G11: 18 | H11: 12 | I11: 3 | J11: 1,2,1 | K11: 0.75 | L11: 0 | M11: 0 | N11: 0 | O11: =IF(M13>0,N13/M13,0) -> 0
A12: funnel_b | B12: 3 | C12: 0 | D12: normal | E12: 1 | F12: 0 | G12: 18 | H12: 12 | I12: 3 | J12: 1,2,1 | K12: 0.75 | L12: 0 | M12: 0 | N12: 0 | O12: =IF(M15>0,N15/M15,0) -> 0
A13: funnel_b | E13: 2 | F13: 0 | G13: 18 | H13: 12 | I13: 3 | J13: 1,2,1 | K13: 0.75 | L13: 0 | M13: 0 | N13: 0 | O13: =IF(M16>0,N16/M16,0) -> 0
A14: funnel_b | E14: 3 | F14: 0 | G14: 18 | H14: 12 | I14: 3 | J14: 1,2,1 | K14: 0.75 | L14: 0 | M14: 0 | N14: 0 | O14: =IF(M17>0,N17/M17,0) -> 0
A15: funnel_b | E15: 4 | F15: 0 | G15: 18 | H15: 12 | I15: 3 | J15: 1,2,1 | K15: 0.75 | L15: 0 | M15: 0 | N15: 0 | O15: =IF(M18>0,N18/M18,0) -> 0
A16: funnel_b | E16: 5 | F16: 0 | G16: 18 | H16: 12 | I16: 3 | J16: 1,2,1 | K16: 0.75 | L16: 0 | M16: 0 | N16: 0 | O16: =IF(M19>0,N19/M19,0) -> 0
A17: funnel_b | B17: 4 | C17: 0 | D17: normal | E17: 1 | F17: 0 | G17: 18 | H17: 12 | I17: 3 | J17: 1,2,1 | K17: 0.75 | L17: 0 | M17: 0 | N17: 0 | O17: =IF(M21>0,N21/M21,0) -> 0
A18: funnel_b | E18: 2 | F18: 0 | G18: 18 | H18: 12 | I18: 3 | J18: 1,2,1 | K18: 0.75 | L18: 0 | M18: 0 | N18: 0 | O18: =IF(M22>0,N22/M22,0) -> 0
A19: funnel_b | E19: 3 | F19: 0 | G19: 18 | H19: 12 | I19: 3 | J19: 1,2,1 | K19: 0.75 | L19: 0 | M19: 0 | N19: 0 | O19: =IF(M23>0,N23/M23,0) -> 0
A20: funnel_b | E20: 4 | F20: 0 | G20: 18 | H20: 12 | I20: 3 | J20: 1,2,1 | K20: 0.75 | L20: 0 | M20: 0 | N20: 0 | O20: =IF(M24>0,N24/M24,0) -> 0
A21: funnel_b | E21: 5 | F21: 0 | G21: 18 | H21: 12 | I21: 3 | J21: 1,2,1 | K21: 0.75 | L21: 0 | M21: 0 | N21: 0 | O21: =IF(M25>0,N25/M25,0) -> 0
A22: funnel_b | B22: 5 | C22: 0 | D22: normal | E22: 1 | F22: 0 | G22: 18 | H22: 12 | I22: 3 | J22: 1,2,1 | K22: 0.75 | L22: 0 | M22: 0 | N22: 0 | O22: =IF(M27>0,N27/M27,0) -> 0
A23: funnel_b | E23: 2 | F23: 0 | G23: 18 | H23: 12 | I23: 3 | J23: 1,2,1 | K23: 0.75 | L23: 0 | M23: 0 | N23: 0 | O23: =IF(M28>0,N28/M28,0) -> 0
A24: funnel_b | E24: 3 | F24: 0 | G24: 18 | H24: 12 | I24: 3 | J24: 1,2,1 | K24: 0.75 | L24: 0 | M24: 0 | N24: 0 | O24: =IF(M29>0,N29/M29,0) -> 0
A25: funnel_b | E25: 4 | F25: 0 | G25: 18 | H25: 12 | I25: 3 | J25: 1,2,1 | K25: 0.75 | L25: 0 | M25: 0 | N25: 0 | O25: =IF(M30>0,N30/M30,0) -> 0
A26: funnel_b | E26: 5 | F26: 0 | G26: 18 | H26: 12 | I26: 3 | J26: 1,2,1 | K26: 0.75 | L26: 0 | M26: 0 | N26: 0 | O26: =IF(M31>0,N31/M31,0) -> 0
A27: funnel_b | B27: 6 | C27: 0 | D27: normal | E27: 1 | F27: 0 | G27: 19 | H27: 12 | I27: 3 | J27: 1,2,1 | K27: 0.75 | L27: 0 | M27: 0 | N27: 0 | O27: =IF(M33>0,N33/M33,0) -> 0
A28: funnel_b | E28: 2 | F28: 0 | G28: 19 | H28: 12 | I28: 3 | J28: 1,2,1 | K28: 0.75 | L28: 0 | M28: 0 | N28: 0 | O28: =IF(M34>0,N34/M34,0) -> 0
A29: funnel_b | E29: 3 | F29: 0 | G29: 19 | H29: 12 | I29: 3 | J29: 1,2,1 | K29: 0.75 | L29: 0 | M29: 0 | N29: 0 | O29: =IF(M35>0,N35/M35,0) -> 0
A30: funnel_b | E30: 4 | F30: 0 | G30: 19 | H30: 12 | I30: 3 | J30: 1,2,1 | K30: 0.75 | L30: 0 | M30: 0 | N30: 0 | O30: =IF(M36>0,N36/M36,0) -> 0
A31: funnel_b | E31: 5 | F31: 0 | G31: 19 | H31: 12 | I31: 3 | J31: 1,2,1 | K31: 0.75 | L31: 0 | M31: 0 | N31: 0 | O31: =IF(M37>0,N37/M37,0) -> 0
A32: funnel_b | B32: 7 | C32: 0 | D32: normal | E32: 1 | F32: 0 | G32: 13 | H32: 12 | I32: 3 | J32: 1,2,1 | K32: 0.72 | L32: 0 | M32: 0 | N32: 0 | O32: =IF(M39>0,N39/M39,0) -> 0
A33: funnel_b | E33: 2 | F33: 0 | G33: 13 | H33: 12 | I33: 3 | J33: 1,2,1 | K33: 0.72 | L33: 0 | M33: 0 | N33: 0 | O33: =IF(M40>0,N40/M40,0) -> 0
A34: funnel_b | E34: 3 | F34: 0 | G34: 13 | H34: 12 | I34: 3 | J34: 1,2,1 | K34: 0.72 | L34: 0 | M34: 0 | N34: 0 | O34: =IF(M41>0,N41/M41,0) -> 0
A35: funnel_b | E35: 4 | F35: 0 | G35: 13 | H35: 12 | I35: 3 | J35: 1,2,1 | K35: 0.72 | L35: 0 | M35: 0 | N35: 0 | O35: =IF(M42>0,N42/M42,0) -> 0
A36: funnel_b | E36: 5 | F36: 0 | G36: 13 | H36: 12 | I36: 3 | J36: 1,2,1 | K36: 0.72 | L36: 0 | M36: 0 | N36: 0 | O36: =IF(M43>0,N43/M43,0) -> 0
A37: funnel_b | B37: 8 | C37: 0 | D37: normal | E37: 1 | F37: 0 | G37: 7 | H37: 12 | I37: 3 | J37: 1,2,1 | K37: 0.72 | L37: 0 | M37: 0 | N37: 0 | O37: =IF(M45>0,N45/M45,0) -> 0
A38: funnel_b | E38: 2 | F38: 0 | G38: 7 | H38: 12 | I38: 3 | J38: 1,2,1 | K38: 0.72 | L38: 0 | M38: 0 | N38: 0 | O38: =IF(M46>0,N46/M46,0) -> 0
A39: funnel_b | E39: 3 | F39: 0 | G39: 7 | H39: 12 | I39: 3 | J39: 1,2,1 | K39: 0.72 | L39: 0 | M39: 0 | N39: 0 | O39: =IF(M47>0,N47/M47,0) -> 0
A40: funnel_b | E40: 4 | F40: 0 | G40: 7 | H40: 12 | I40: 3 | J40: 1,2,1 | K40: 0.72 | L40: 0 | M40: 0 | N40: 0 | O40: =IF(M48>0,N48/M48,0) -> 0
A41: funnel_b | E41: 5 | F41: 0 | G41: 7 | H41: 12 | I41: 3 | J41: 1,2,1 | K41: 0.72 | L41: 0 | M41: 0 | N41: 0 | O41: =IF(M49>0,N49/M49,0) -> 0
A42: funnel_b | B42: 9 | C42: 0 | D42: normal | E42: 1 | F42: 0 | G42: 8 | H42: 12 | I42: 3 | J42: 1,1,1 | K42: 0.5 | L42: 0 | M42: 0 | N42: 0 | O42: =IF(M51>0,N51/M51,0) -> 0
A43: funnel_b | E43: 2 | F43: 0 | G43: 8 | H43: 12 | I43: 3 | J43: 1,1,1 | K43: 0.5 | L43: 0 | M43: 0 | N43: 0 | O43: =IF(M52>0,N52/M52,0) -> 0
A44: funnel_b | E44: 3 | F44: 0 | G44: 8 | H44: 12 | I44: 3 | J44: 1,1,1 | K44: 0.5 | L44: 0 | M44: 0 | N44: 0 | O44: =IF(M53>0,N53/M53,0) -> 0
A45: funnel_b | E45: 4 | F45: 0 | G45: 8 | H45: 12 | I45: 3 | J45: 1,1,1 | K45: 0.5 | L45: 0 | M45: 0 | N45: 0 | O45: =IF(M54>0,N54/M54,0) -> 0
A46: funnel_b | E46: 5 | F46: 0 | G46: 8 | H46: 12 | I46: 3 | J46: 1,1,1 | K46: 0.5 | L46: 0 | M46: 0 | N46: 0 | O46: =IF(M55>0,N55/M55,0) -> 0
A47: funnel_b | B47: 10 | C47: 0 | D47: normal | E47: 1 | F47: 0 | G47: 18 | H47: 12 | I47: 3 | J47: 1,2,1 | K47: 0.75 | L47: 0 | M47: 0 | N47: 0 | O47: =IF(M57>0,N57/M57,0) -> 0
A48: funnel_b | E48: 2 | F48: 0 | G48: 18 | H48: 12 | I48: 3 | J48: 1,2,1 | K48: 0.75 | L48: 0 | M48: 0 | N48: 0 | O48: =IF(M58>0,N58/M58,0) -> 0
A49: funnel_b | E49: 3 | F49: 0 | G49: 18 | H49: 12 | I49: 3 | J49: 1,2,1 | K49: 0.75 | L49: 0 | M49: 0 | N49: 0 | O49: =IF(M59>0,N59/M59,0) -> 0
A50: funnel_b | E50: 4 | F50: 0 | G50: 18 | H50: 12 | I50: 3 | J50: 1,2,1 | K50: 0.75 | L50: 0 | M50: 0 | N50: 0 | O50: =IF(M60>0,N60/M60,0) -> 0
A51: funnel_b | E51: 5 | F51: 0 | G51: 18 | H51: 12 | I51: 3 | J51: 1,2,1 | K51: 0.75 | L51: 0 | M51: 0 | N51: 0 | O51: =IF(M61>0,N61/M61,0) -> 0
A52: funnel_b | B52: 11 | C52: 0 | D52: normal | E52: 1 | F52: 0 | G52: 14 | H52: 12 | I52: 4 | J52: 1,2,2,1 | K52: 0.61 | L52: 0 | M52: 0 | N52: 0 | O52: =IF(M63>0,N63/M63,0) -> 0
A53: funnel_b | E53: 2 | F53: 0 | G53: 15 | H53: 12 | I53: 4 | J53: 1,2,2,1 | K53: 0.71 | L53: 0 | M53: 0 | N53: 0 | O53: =IF(M64>0,N64/M64,0) -> 0
A54: funnel_b | E54: 3 | F54: 0 | G54: 16 | H54: 12 | I54: 4 | J54: 1,2,2,1 | K54: 0.79 | L54: 0 | M54: 0 | N54: 0 | O54: =IF(M65>0,N65/M65,0) -> 0
A55: funnel_b | E55: 4 | F55: 0 | G55: 17 | H55: 12 | I55: 4 | J55: 1,2,2,1 | K55: 0.878 | L55: 0 | M55: 0 | N55: 0 | O55: =IF(M66>0,N66/M66,0) -> 0
A56: funnel_b | E56: 5 | F56: 0 | G56: 18 | H56: 12 | I56: 4 | J56: 1,2,2,1 | K56: 0.975 | L56: 0 | M56: 0 | N56: 0 | O56: =IF(M67>0,N67/M67,0) -> 0
A57: funnel_b | B57: 12 | C57: 0 | D57: normal | E57: 1 | F57: 0 | G57: 10 | H57: 12 | I57: 4 | J57: 1,1,2,2 | K57: 0 | L57: 0 | M57: 0 | N57: 0 | O57: =IF(M69>0,N69/M69,0) -> 0
A58: funnel_b | E58: 2 | F58: 0 | G58: 13 | H58: 12 | I58: 4 | J58: 1,2,2,1 | K58: 0.71 | L58: 0 | M58: 0 | N58: 0 | O58: =IF(M70>0,N70/M70,0) -> 0
A59: funnel_b | E59: 3 | F59: 0 | G59: 14 | H59: 12 | I59: 4 | J59: 1,2,2,1 | K59: 0.79 | L59: 0 | M59: 0 | N59: 0 | O59: =IF(M71>0,N71/M71,0) -> 0
A60: funnel_b | E60: 4 | F60: 0 | G60: 16 | H60: 12 | I60: 4 | J60: 1,2,2,1 | K60: 0.89 | L60: 0 | M60: 0 | N60: 0 | O60: =IF(M72>0,N72/M72,0) -> 0
A61: funnel_b | E61: 5 | F61: 0 | G61: 18 | H61: 12 | I61: 4 | J61: 1,2,2,1 | K61: 0.98 | L61: 0 | M61: 0 | N61: 0 | O61: =IF(M73>0,N73/M73,0) -> 0
A62: funnel_b | B62: 13 | C62: 0 | D62: normal | E62: 1 | F62: 0 | G62: 14 | H62: 12 | I62: 4 | J62: 1,2,2,1 | K62: 0.61 | L62: 0 | M62: 0 | N62: 0 | O62: =IF(M75>0,N75/M75,0) -> 0
A63: funnel_b | E63: 2 | F63: 0 | G63: 15 | H63: 12 | I63: 4 | J63: 1,2,2,1 | K63: 0.71 | L63: 0 | M63: 0 | N63: 0 | O63: =IF(M76>0,N76/M76,0) -> 0
A64: funnel_b | E64: 3 | F64: 0 | G64: 16 | H64: 12 | I64: 4 | J64: 1,2,2,1 | K64: 0.79 | L64: 0 | M64: 0 | N64: 0 | O64: =IF(M77>0,N77/M77,0) -> 0
A65: funnel_b | E65: 4 | F65: 0 | G65: 17 | H65: 12 | I65: 4 | J65: 1,2,2,1 | K65: 0.878 | L65: 0 | M65: 0 | N65: 0 | O65: =IF(M78>0,N78/M78,0) -> 0
A66: funnel_b | E66: 5 | F66: 0 | G66: 18 | H66: 12 | I66: 4 | J66: 1,2,2,1 | K66: 0.975 | L66: 0 | M66: 0 | N66: 0 | O66: =IF(M79>0,N79/M79,0) -> 0
A67: funnel_b | B67: 14 | C67: 0 | D67: normal | E67: 1 | F67: 0 | G67: 14 | H67: 12 | I67: 4 | J67: 1,2,2,1 | K67: 0.61 | L67: 0 | M67: 0 | N67: 0 | O67: =IF(M81>0,N81/M81,0) -> 0
A68: funnel_b | E68: 2 | F68: 0 | G68: 15 | H68: 12 | I68: 4 | J68: 1,2,2,1 | K68: 0.71 | L68: 0 | M68: 0 | N68: 0 | O68: =IF(M82>0,N82/M82,0) -> 0
A69: funnel_b | E69: 3 | F69: 0 | G69: 16 | H69: 12 | I69: 4 | J69: 1,2,2,1 | K69: 0.79 | L69: 0 | M69: 0 | N69: 0 | O69: =IF(M83>0,N83/M83,0) -> 0
A70: funnel_b | E70: 4 | F70: 0 | G70: 17 | H70: 12 | I70: 4 | J70: 1,2,2,1 | K70: 0.878 | L70: 0 | M70: 0 | N70: 0 | O70: =IF(M84>0,N84/M84,0) -> 0
A71: funnel_b | E71: 5 | F71: 0 | G71: 18 | H71: 12 | I71: 4 | J71: 1,2,2,1 | K71: 0.975 | L71: 0 | M71: 0 | N71: 0 | O71: =IF(M85>0,N85/M85,0) -> 0
A72: funnel_b | B72: 15 | C72: 0 | D72: normal | E72: 1 | F72: 0 | G72: 8 | H72: 12 | I72: 4 | J72: 1,2,2,1 | K72: 0.61 | L72: 0 | M72: 0 | N72: 0 | O72: =IF(M87>0,N87/M87,0) -> 0
A73: funnel_b | E73: 2 | F73: 0 | G73: 9 | H73: 12 | I73: 4 | J73: 1,2,2,1 | K73: 0.71 | L73: 0 | M73: 0 | N73: 0 | O73: =IF(M88>0,N88/M88,0) -> 0
A74: funnel_b | E74: 3 | F74: 0 | G74: 10 | H74: 12 | I74: 4 | J74: 1,2,2,1 | K74: 0.79 | L74: 0 | M74: 0 | N74: 0 | O74: =IF(M89>0,N89/M89,0) -> 0
A75: funnel_b | E75: 4 | F75: 0 | G75: 11 | H75: 12 | I75: 4 | J75: 1,2,2,1 | K75: 0.878 | L75: 0 | M75: 0 | N75: 0 | O75: =IF(M90>0,N90/M90,0) -> 0
A76: funnel_b | E76: 5 | F76: 0 | G76: 12 | H76: 12 | I76: 4 | J76: 1,2,2,1 | K76: 0.975 | L76: 0 | M76: 0 | N76: 0 | O76: =IF(M91>0,N91/M91,0) -> 0
A77: funnel_b | B77: 16 | C77: 0 | D77: normal | E77: 1 | F77: 0 | G77: 4 | H77: 12 | I77: 3 | J77: 1,1,1 | K77: 0.37 | L77: 0 | M77: 0 | N77: 0 | O77: =IF(M93>0,N93/M93,0) -> 0
A78: funnel_b | E78: 2 | F78: 0 | G78: 5 | H78: 12 | I78: 3 | J78: 1,1,1 | K78: 0.47 | L78: 0 | M78: 0 | N78: 0 | O78: =IF(M94>0,N94/M94,0) -> 0
A79: funnel_b | E79: 3 | F79: 0 | G79: 6 | H79: 12 | I79: 3 | J79: 1,1,1 | K79: 0.55 | L79: 0 | M79: 0 | N79: 0 | O79: =IF(M95>0,N95/M95,0) -> 0
A80: funnel_b | E80: 4 | F80: 0 | G80: 7 | H80: 12 | I80: 3 | J80: 1,1,1 | K80: 0.638 | L80: 0 | M80: 0 | N80: 0 | O80: =IF(M96>0,N96/M96,0) -> 0
A81: funnel_b | E81: 5 | F81: 0 | G81: 8 | H81: 12 | I81: 3 | J81: 1,1,1 | K81: 0.735 | L81: 0 | M81: 0 | N81: 0 | O81: =IF(M97>0,N97/M97,0) -> 0
A82: funnel_b | B82: 17 | C82: 1 | D82: hard | E82: 1 | F82: 0 | G82: 1 | H82: 12 | I82: 3 | J82: 2,3,1 | K82: 0 | L82: 0 | M82: 0 | N82: 0 | O82: =IF(M99>0,N99/M99,0) -> 0
A83: funnel_b | E83: 2 | F83: 0 | G83: 3 | H83: 12 | I83: 3 | J83: 1,1,1 | K83: 0.3 | L83: 0 | M83: 0 | N83: 0 | O83: =IF(M100>0,N100/M100,0) -> 0
A84: funnel_b | E84: 3 | F84: 0 | G84: 6 | H84: 12 | I84: 3 | J84: 1,1,2 | K84: 0.4 | L84: 0 | M84: 0 | N84: 0 | O84: =IF(M101>0,N101/M101,0) -> 0
A85: funnel_b | E85: 4 | F85: 0 | G85: 9 | H85: 12 | I85: 3 | J85: 1,1,2 | K85: 0.52 | L85: 0 | M85: 0 | N85: 0 | O85: =IF(M102>0,N102/M102,0) -> 0
A86: funnel_b | E86: 5 | F86: 0 | G86: 12 | H86: 12 | I86: 3 | J86: 1,1,2 | K86: 0.66 | L86: 0 | M86: 0 | N86: 0 | O86: =IF(M103>0,N103/M103,0) -> 0
A87: funnel_b | B87: 18 | C87: 2 | D87: superhard | E87: 1 | F87: 0 | G87: 19 | H87: 12 | I87: 4 | J87: 1,2,3,2 | K87: 0.75 | L87: 0 | M87: 0 | N87: 0 | O87: =IF(M105>0,N105/M105,0) -> 0
A88: funnel_b | E88: 2 | F88: 0 | G88: 21 | H88: 12 | I88: 4 | J88: 1,2,3,2 | K88: 0.88 | L88: 0 | M88: 0 | N88: 0 | O88: =IF(M106>0,N106/M106,0) -> 0
A89: funnel_b | E89: 3 | F89: 0 | G89: 23 | H89: 12 | I89: 4 | J89: 2,3,3,1 | K89: 0.9 | L89: 0 | M89: 0 | N89: 0 | O89: =IF(M107>0,N107/M107,0) -> 0
A90: funnel_b | E90: 4 | F90: 0 | G90: 25 | H90: 12 | I90: 4 | J90: 2,3,3,1 | K90: 0.964 | L90: 0 | M90: 0 | N90: 0 | O90: =IF(M108>0,N108/M108,0) -> 0
A91: funnel_b | E91: 5 | F91: 0 | G91: 27 | H91: 12 | I91: 4 | J91: 2,3,3,1 | K91: 0.98 | L91: 0 | M91: 0 | N91: 0 | O91: =IF(M109>0,N109/M109,0) -> 0
A92: funnel_b | B92: 19 | C92: 0 | D92: normal | E92: 1 | F92: 0 | G92: 14 | H92: 12 | I92: 4 | J92: 1,2,2,1 | K92: 0.61 | L92: 0 | M92: 0 | N92: 0 | O92: =IF(M111>0,N111/M111,0) -> 0
A93: funnel_b | E93: 2 | F93: 0 | G93: 15 | H93: 12 | I93: 4 | J93: 1,2,2,1 | K93: 0.71 | L93: 0 | M93: 0 | N93: 0 | O93: =IF(M112>0,N112/M112,0) -> 0
A94: funnel_b | E94: 3 | F94: 0 | G94: 16 | H94: 12 | I94: 4 | J94: 1,2,2,1 | K94: 0.79 | L94: 0 | M94: 0 | N94: 0 | O94: =IF(M113>0,N113/M113,0) -> 0
A95: funnel_b | E95: 4 | F95: 0 | G95: 17 | H95: 12 | I95: 4 | J95: 1,2,2,1 | K95: 0.878 | L95: 0 | M95: 0 | N95: 0 | O95: =IF(M114>0,N114/M114,0) -> 0
A96: funnel_b | E96: 5 | F96: 0 | G96: 18 | H96: 12 | I96: 4 | J96: 1,2,2,1 | K96: 0.975 | L96: 0 | M96: 0 | N96: 0 | O96: =IF(M115>0,N115/M115,0) -> 0
A97: funnel_b | B97: 20 | C97: 0 | D97: normal | E97: 1 | F97: 0 | G97: 14 | H97: 12 | I97: 4 | J97: 1,2,2,1 | K97: 0.61 | L97: 0 | M97: 0 | N97: 0 | O97: =IF(M117>0,N117/M117,0) -> 0
A98: funnel_b | E98: 2 | F98: 0 | G98: 15 | H98: 12 | I98: 4 | J98: 1,2,2,1 | K98: 0.71 | L98: 0 | M98: 0 | N98: 0 | O98: =IF(M118>0,N118/M118,0) -> 0
A99: funnel_b | E99: 3 | F99: 0 | G99: 16 | H99: 12 | I99: 4 | J99: 1,2,2,1 | K99: 0.79 | L99: 0 | M99: 0 | N99: 0 | O99: =IF(M119>0,N119/M119,0) -> 0
A100: funnel_b | E100: 4 | F100: 0 | G100: 17 | H100: 12 | I100: 4 | J100: 1,2,2,1 | K100: 0.878 | L100: 0 | M100: 0 | N100: 0 | O100: =IF(M120>0,N120/M120,0) -> 0
...

Sheet RunData
A1: pack | B1: levelName | C1: difficultyLevel | D1: difficultyLabel | E1: configGroup | F1: StartDifficulty | G1: LevelDifficultyFactor | H1: ShuffleSplitCount | I1: ShuffleSplitRatios | J1: ShuffleOverflowFactor | K1: failBucketDistribution | L1: winCount | M1: failCount | N1: winRate | O1: avgQueueEff
A2: funnel_b | B2: 1 | C2: 0 | D2: normal | E2: T1 | F2: 18 | G2: 12 | H2: 3 | I2: 1,2,1 | J2: 0.75 | K2: 0,0,0,0,0,0,0,0,0,0 | L2: 100 | M2: 0 | N2: 1
A3: funnel_b | E3: T2 | F3: 18 | G3: 12 | H3: 3 | I3: 1,2,1 | J3: 0.75 | K3: 0,0,0,0,0,0,0,0,0,0 | L3: 100 | M3: 0 | N3: 1
A4: funnel_b | E4: T3 | F4: 18 | G4: 12 | H4: 3 | I4: 1,2,1 | J4: 0.75 | K4: 0,0,0,0,0,0,0,0,0,0 | L4: 100 | M4: 0 | N4: 1
A5: funnel_b | E5: T4 | F5: 18 | G5: 12 | H5: 3 | I5: 1,2,1 | J5: 0.75 | K5: 0,0,0,0,0,0,0,0,0,0 | L5: 100 | M5: 0 | N5: 1
A6: funnel_b | E6: T5 | F6: 18 | G6: 12 | H6: 3 | I6: 1,2,1 | J6: 0.75 | K6: 0,0,0,0,0,0,0,0,0,0 | L6: 100 | M6: 0 | N6: 1
A7: funnel_b | B7: 2 | C7: 0 | D7: normal | E7: T1 | F7: 18 | G7: 12 | H7: 3 | I7: 1,2,1 | J7: 0.75 | K7: 0,0,0,0,0,0,0,0,0,0 | L7: 100 | M7: 0 | N7: 1
A8: funnel_b | E8: T2 | F8: 18 | G8: 12 | H8: 3 | I8: 1,2,1 | J8: 0.75 | K8: 0,0,0,0,0,0,0,0,0,0 | L8: 100 | M8: 0 | N8: 1
A9: funnel_b | E9: T3 | F9: 18 | G9: 12 | H9: 3 | I9: 1,2,1 | J9: 0.75 | K9: 0,0,0,0,0,0,0,0,0,0 | L9: 100 | M9: 0 | N9: 1
A10: funnel_b | E10: T4 | F10: 18 | G10: 12 | H10: 3 | I10: 1,2,1 | J10: 0.75 | K10: 0,0,0,0,0,0,0,0,0,0 | L10: 100 | M10: 0 | N10: 1
A11: funnel_b | E11: T5 | F11: 18 | G11: 12 | H11: 3 | I11: 1,2,1 | J11: 0.75 | K11: 0,0,0,0,0,0,0,0,0,0 | L11: 100 | M11: 0 | N11: 1
A12: funnel_b | B12: 3 | C12: 0 | D12: normal | E12: T1 | F12: 18 | G12: 12 | H12: 3 | I12: 1,2,1 | J12: 0.75 | K12: 0,0,0,0,0,0,0,0,0,0 | L12: 100 | M12: 0 | N12: 1
A13: funnel_b | E13: T2 | F13: 18 | G13: 12 | H13: 3 | I13: 1,2,1 | J13: 0.75 | K13: 0,0,0,0,0,0,0,0,0,0 | L13: 100 | M13: 0 | N13: 1
A14: funnel_b | E14: T3 | F14: 18 | G14: 12 | H14: 3 | I14: 1,2,1 | J14: 0.75 | K14: 0,0,0,0,0,0,0,0,0,0 | L14: 100 | M14: 0 | N14: 1
A15: funnel_b | E15: T4 | F15: 18 | G15: 12 | H15: 3 | I15: 1,2,1 | J15: 0.75 | K15: 0,0,0,0,0,0,0,0,0,0 | L15: 100 | M15: 0 | N15: 1
A16: funnel_b | E16: T5 | F16: 18 | G16: 12 | H16: 3 | I16: 1,2,1 | J16: 0.75 | K16: 0,0,0,0,0,0,0,0,0,0 | L16: 100 | M16: 0 | N16: 1
A17: funnel_b | B17: 4 | C17: 0 | D17: normal | E17: T1 | F17: 18 | G17: 12 | H17: 3 | I17: 1,2,1 | J17: 0.75 | K17: 0,0,0,0,0,0,0,0,0,0 | L17: 100 | M17: 0 | N17: 1
A18: funnel_b | E18: T2 | F18: 18 | G18: 12 | H18: 3 | I18: 1,2,1 | J18: 0.75 | K18: 0,0,0,0,0,0,0,0,0,0 | L18: 100 | M18: 0 | N18: 1
A19: funnel_b | E19: T3 | F19: 18 | G19: 12 | H19: 3 | I19: 1,2,1 | J19: 0.75 | K19: 0,0,0,0,0,0,0,0,0,0 | L19: 100 | M19: 0 | N19: 1
A20: funnel_b | E20: T4 | F20: 18 | G20: 12 | H20: 3 | I20: 1,2,1 | J20: 0.75 | K20: 0,0,0,0,0,0,0,0,0,0 | L20: 100 | M20: 0 | N20: 1
A21: funnel_b | E21: T5 | F21: 18 | G21: 12 | H21: 3 | I21: 1,2,1 | J21: 0.75 | K21: 0,0,0,0,0,0,0,0,0,0 | L21: 100 | M21: 0 | N21: 1
A22: funnel_b | B22: 5 | C22: 0 | D22: normal | E22: T1 | F22: 18 | G22: 12 | H22: 3 | I22: 1,2,1 | J22: 0.75 | K22: 0,0,0,0,0,0,0,0,0,0 | L22: 100 | M22: 0 | N22: 1
A23: funnel_b | E23: T2 | F23: 18 | G23: 12 | H23: 3 | I23: 1,2,1 | J23: 0.75 | K23: 0,0,0,0,0,0,0,0,0,0 | L23: 100 | M23: 0 | N23: 1
A24: funnel_b | E24: T3 | F24: 18 | G24: 12 | H24: 3 | I24: 1,2,1 | J24: 0.75 | K24: 0,0,0,0,0,0,0,0,0,0 | L24: 100 | M24: 0 | N24: 1
A25: funnel_b | E25: T4 | F25: 18 | G25: 12 | H25: 3 | I25: 1,2,1 | J25: 0.75 | K25: 0,0,0,0,0,0,0,0,0,0 | L25: 100 | M25: 0 | N25: 1
A26: funnel_b | E26: T5 | F26: 18 | G26: 12 | H26: 3 | I26: 1,2,1 | J26: 0.75 | K26: 0,0,0,0,0,0,0,0,0,0 | L26: 100 | M26: 0 | N26: 1
A27: funnel_b | B27: 6 | C27: 0 | D27: normal | E27: T1 | F27: 19 | G27: 12 | H27: 3 | I27: 1,2,1 | J27: 0.75 | K27: 0,0,0,0,0,0,0,0,0,0 | L27: 100 | M27: 0 | N27: 1
A28: funnel_b | E28: T2 | F28: 19 | G28: 12 | H28: 3 | I28: 1,2,1 | J28: 0.75 | K28: 0,0,0,0,0,0,0,0,0,0 | L28: 100 | M28: 0 | N28: 1
A29: funnel_b | E29: T3 | F29: 19 | G29: 12 | H29: 3 | I29: 1,2,1 | J29: 0.75 | K29: 0,0,0,0,0,0,0,0,0,0 | L29: 100 | M29: 0 | N29: 1
A30: funnel_b | E30: T4 | F30: 19 | G30: 12 | H30: 3 | I30: 1,2,1 | J30: 0.75 | K30: 0,0,0,0,0,0,0,0,0,0 | L30: 100 | M30: 0 | N30: 1
A31: funnel_b | E31: T5 | F31: 19 | G31: 12 | H31: 3 | I31: 1,2,1 | J31: 0.75 | K31: 0,0,0,0,0,0,0,0,0,0 | L31: 100 | M31: 0 | N31: 1
A32: funnel_b | B32: 7 | C32: 0 | D32: normal | E32: T1 | F32: 13 | G32: 12 | H32: 3 | I32: 1,2,1 | J32: 0.72 | K32: 0,0,0,0,0,0,0,0,0,0 | L32: 100 | M32: 0 | N32: 1
A33: funnel_b | E33: T2 | F33: 13 | G33: 12 | H33: 3 | I33: 1,2,1 | J33: 0.72 | K33: 0,0,0,0,0,0,0,0,0,0 | L33: 100 | M33: 0 | N33: 1
A34: funnel_b | E34: T3 | F34: 13 | G34: 12 | H34: 3 | I34: 1,2,1 | J34: 0.72 | K34: 0,0,0,0,0,0,0,0,0,0 | L34: 100 | M34: 0 | N34: 1
A35: funnel_b | E35: T4 | F35: 13 | G35: 12 | H35: 3 | I35: 1,2,1 | J35: 0.72 | K35: 0,0,0,0,0,0,0,0,0,0 | L35: 100 | M35: 0 | N35: 1
A36: funnel_b | E36: T5 | F36: 13 | G36: 12 | H36: 3 | I36: 1,2,1 | J36: 0.72 | K36: 0,0,0,0,0,0,0,0,0,0 | L36: 100 | M36: 0 | N36: 1
A37: funnel_b | B37: 8 | C37: 0 | D37: normal | E37: T1 | F37: 7 | G37: 12 | H37: 3 | I37: 1,2,1 | J37: 0.72 | K37: 0.333,0.333,0,0,0,0,0.333,0,0,0 | L37: 93 | M37: 7 | N37: 0.93
A38: funnel_b | E38: T2 | F38: 7 | G38: 12 | H38: 3 | I38: 1,2,1 | J38: 0.72 | K38: 0,0.571,0,0.143,0.143,0,0.143,0,0,0 | L38: 93 | M38: 7 | N38: 0.93
A39: funnel_b | E39: T3 | F39: 7 | G39: 12 | H39: 3 | I39: 1,2,1 | J39: 0.72 | K39: 0,0.286,0,0.143,0,0.143,0,0,0.143,0.286 | L39: 93 | M39: 7 | N39: 0.93
A40: funnel_b | E40: T4 | F40: 7 | G40: 12 | H40: 3 | I40: 1,2,1 | J40: 0.72 | K40: 0,0.286,0,0.143,0,0.143,0,0,0.143,0.286 | L40: 93 | M40: 7 | N40: 0.93
A41: funnel_b | E41: T5 | F41: 7 | G41: 12 | H41: 3 | I41: 1,2,1 | J41: 0.72 | K41: 0,0.286,0,0.143,0,0.143,0,0,0.143,0.286 | L41: 93 | M41: 7 | N41: 0.93
A42: funnel_b | B42: 9 | C42: 0 | D42: normal | E42: T1 | F42: 8 | G42: 12 | H42: 3 | I42: 1,1,1 | J42: 0.5 | K42: 0.071,0,0,0.143,0.143,0.071,0.357,0.071,0.143,0 | L42: 90 | M42: 10 | N42: 0.9
A43: funnel_b | E43: T2 | F43: 8 | G43: 12 | H43: 3 | I43: 1,1,1 | J43: 0.5 | K43: 0.125,0,0,0.25,0,0,0.25,0,0.125,0.25 | L43: 92 | M43: 8 | N43: 0.92
A44: funnel_b | E44: T3 | F44: 8 | G44: 12 | H44: 3 | I44: 1,1,1 | J44: 0.5 | K44: 0.1,0,0,0.1,0.2,0.2,0,0.3,0,0.1 | L44: 90 | M44: 10 | N44: 0.9
A45: funnel_b | E45: T4 | F45: 8 | G45: 12 | H45: 3 | I45: 1,1,1 | J45: 0.5 | K45: 0.1,0,0,0.1,0.2,0.2,0,0.3,0,0.1 | L45: 90 | M45: 10 | N45: 0.9
A46: funnel_b | E46: T5 | F46: 8 | G46: 12 | H46: 3 | I46: 1,1,1 | J46: 0.5 | K46: 0.1,0,0,0.1,0.2,0.2,0,0.3,0,0.1 | L46: 90 | M46: 10 | N46: 0.9
A47: funnel_b | B47: 10 | C47: 0 | D47: normal | E47: T1 | F47: 18 | G47: 12 | H47: 3 | I47: 1,2,1 | J47: 0.75 | K47: 0,0,0,0,0,0,0,0,0,0 | L47: 100 | M47: 0 | N47: 1
A48: funnel_b | E48: T2 | F48: 18 | G48: 12 | H48: 3 | I48: 1,2,1 | J48: 0.75 | K48: 0,0,0,0,0,0,0,0,0,0 | L48: 100 | M48: 0 | N48: 1
A49: funnel_b | E49: T3 | F49: 18 | G49: 12 | H49: 3 | I49: 1,2,1 | J49: 0.75 | K49: 0,0,0,0,0,0,0,0,0,0 | L49: 100 | M49: 0 | N49: 1
A50: funnel_b | E50: T4 | F50: 18 | G50: 12 | H50: 3 | I50: 1,2,1 | J50: 0.75 | K50: 0,0,0,0,0,0,0,0,0,0 | L50: 100 | M50: 0 | N50: 1
A51: funnel_b | E51: T5 | F51: 18 | G51: 12 | H51: 3 | I51: 1,2,1 | J51: 0.75 | K51: 0,0,0,0,0,0,0,0,0,0 | L51: 100 | M51: 0 | N51: 1
A52: funnel_b | B52: 11 | C52: 0 | D52: normal | E52: T1 | F52: 14 | G52: 12 | H52: 4 | I52: 1,2,2,1 | J52: 0.61 | K52: 0,0,0,0,0,0,0,0,0,0 | L52: 100 | M52: 0 | N52: 1
A53: funnel_b | E53: T2 | F53: 15 | G53: 12 | H53: 4 | I53: 1,2,2,1 | J53: 0.71 | K53: 0,0,0,0,0,0,0,0,0,0 | L53: 100 | M53: 0 | N53: 1
A54: funnel_b | E54: T3 | F54: 16 | G54: 12 | H54: 4 | I54: 1,2,2,1 | J54: 0.79 | K54: 0,0,0,0,0,0,0,0,0,0 | L54: 100 | M54: 0 | N54: 1
A55: funnel_b | E55: T4 | F55: 17 | G55: 12 | H55: 4 | I55: 1,2,2,1 | J55: 0.878 | K55: 0,0,0,0,0,0,0,0,0,0 | L55: 100 | M55: 0 | N55: 1
A56: funnel_b | E56: T5 | F56: 18 | G56: 12 | H56: 4 | I56: 1,2,2,1 | J56: 0.975 | K56: 0,0,0,0,0,0,0,0,0,0 | L56: 100 | M56: 0 | N56: 1
A57: funnel_b | B57: 12 | C57: 0 | D57: normal | E57: T1 | F57: 10 | G57: 12 | H57: 4 | I57: 1,1,2,2 | J57: 0 | K57: 0,0,0,0,0,0,0.5,0.5,0,0 | L57: 98 | M57: 2 | N57: 0.98
A58: funnel_b | E58: T2 | F58: 13 | G58: 12 | H58: 4 | I58: 1,2,2,1 | J58: 0.71 | K58: 0,0,0,0,0,0,0.5,0.5,0,0 | L58: 98 | M58: 2 | N58: 0.98
A59: funnel_b | E59: T3 | F59: 14 | G59: 12 | H59: 4 | I59: 1,2,2,1 | J59: 0.79 | K59: 0,0,0,0,0,0,0.333,0.333,0,0.333 | L59: 97 | M59: 3 | N59: 0.97
A60: funnel_b | E60: T4 | F60: 16 | G60: 12 | H60: 4 | I60: 1,2,2,1 | J60: 0.89 | K60: 0,0,0,0,0,0,0.667,0.333,0,0 | L60: 97 | M60: 3 | N60: 0.97
A61: funnel_b | E61: T5 | F61: 18 | G61: 12 | H61: 4 | I61: 1,2,2,1 | J61: 0.98 | K61: 0,0,0,0,0,0,0.667,0.333,0,0 | L61: 97 | M61: 3 | N61: 0.97
A62: funnel_b | B62: 13 | C62: 0 | D62: normal | E62: T1 | F62: 14 | G62: 12 | H62: 4 | I62: 1,2,2,1 | J62: 0.61 | K62: 0,0,0,0,0,0,0,0,0,0 | L62: 100 | M62: 0 | N62: 1
A63: funnel_b | E63: T2 | F63: 15 | G63: 12 | H63: 4 | I63: 1,2,2,1 | J63: 0.71 | K63: 0,0,0,0,0,0,0,0,0,0 | L63: 100 | M63: 0 | N63: 1
A64: funnel_b | E64: T3 | F64: 16 | G64: 12 | H64: 4 | I64: 1,2,2,1 | J64: 0.79 | K64: 0,0,0,0,0,0,0,0,0,0 | L64: 100 | M64: 0 | N64: 1
A65: funnel_b | E65: T4 | F65: 17 | G65: 12 | H65: 4 | I65: 1,2,2,1 | J65: 0.878 | K65: 0,0,0,0,0,0,0,0,0,0 | L65: 100 | M65: 0 | N65: 1
A66: funnel_b | E66: T5 | F66: 18 | G66: 12 | H66: 4 | I66: 1,2,2,1 | J66: 0.975 | K66: 0,0,0,0,0,0,0,0,0,0 | L66: 100 | M66: 0 | N66: 1
A67: funnel_b | B67: 14 | C67: 0 | D67: normal | E67: T1 | F67: 14 | G67: 12 | H67: 4 | I67: 1,2,2,1 | J67: 0.61 | K67: 0,0,0,0,0,0,0,0,0,0 | L67: 100 | M67: 0 | N67: 1
A68: funnel_b | E68: T2 | F68: 15 | G68: 12 | H68: 4 | I68: 1,2,2,1 | J68: 0.71 | K68: 0,0,0,0,0,0,0,0,0,0 | L68: 100 | M68: 0 | N68: 1
A69: funnel_b | E69: T3 | F69: 16 | G69: 12 | H69: 4 | I69: 1,2,2,1 | J69: 0.79 | K69: 0,0,0,0,0,0,0,0,0,0 | L69: 100 | M69: 0 | N69: 1
A70: funnel_b | E70: T4 | F70: 17 | G70: 12 | H70: 4 | I70: 1,2,2,1 | J70: 0.878 | K70: 0,0,0,0,0,0,0,0,0,0 | L70: 100 | M70: 0 | N70: 1
A71: funnel_b | E71: T5 | F71: 18 | G71: 12 | H71: 4 | I71: 1,2,2,1 | J71: 0.975 | K71: 0,0,0,0,0,0,0,0,0,0 | L71: 100 | M71: 0 | N71: 1
A72: funnel_b | B72: 15 | C72: 0 | D72: normal | E72: T1 | F72: 8 | G72: 12 | H72: 4 | I72: 1,2,2,1 | J72: 0.61 | K72: 0,0,0.667,0,0.333,0,0,0,0,0 | L72: 97 | M72: 3 | N72: 0.97
A73: funnel_b | E73: T2 | F73: 9 | G73: 12 | H73: 4 | I73: 1,2,2,1 | J73: 0.71 | K73: 0,0,0.25,0,0.25,0.25,0,0.25,0,0 | L73: 96 | M73: 4 | N73: 0.96
A74: funnel_b | E74: T3 | F74: 10 | G74: 12 | H74: 4 | I74: 1,2,2,1 | J74: 0.79 | K74: 0,0,0.5,0,0,0,0.25,0.25,0,0 | L74: 96 | M74: 4 | N74: 0.96
A75: funnel_b | E75: T4 | F75: 11 | G75: 12 | H75: 4 | I75: 1,2,2,1 | J75: 0.878 | K75: 0,0,0.25,0,0.25,0.25,0,0.25,0,0 | L75: 96 | M75: 4 | N75: 0.96
A76: funnel_b | E76: T5 | F76: 12 | G76: 12 | H76: 4 | I76: 1,2,2,1 | J76: 0.975 | K76: 0,0,0.333,0.333,0,0,0.333,0,0,0 | L76: 97 | M76: 3 | N76: 0.97
A77: funnel_b | B77: 16 | C77: 0 | D77: normal | E77: T1 | F77: 4 | G77: 12 | H77: 3 | I77: 1,1,1 | J77: 0.37 | K77: 0,0,0.2,0,0,0.2,0.2,0.4,0,0 | L77: 95 | M77: 5 | N77: 0.95
A78: funnel_b | E78: T2 | F78: 5 | G78: 12 | H78: 3 | I78: 1,1,1 | J78: 0.47 | K78: 0.143,0,0.143,0,0.286,0,0.286,0,0.143,0 | L78: 93 | M78: 7 | N78: 0.93
A79: funnel_b | E79: T3 | F79: 6 | G79: 12 | H79: 3 | I79: 1,1,1 | J79: 0.55 | K79: 0,0,0,0,0.6,0.2,0,0,0.2,0 | L79: 95 | M79: 5 | N79: 0.95
A80: funnel_b | E80: T4 | F80: 7 | G80: 12 | H80: 3 | I80: 1,1,1 | J80: 0.638 | K80: 0,0,0,0.333,0.333,0,0,0.333,0,0 | L80: 97 | M80: 3 | N80: 0.97
A81: funnel_b | E81: T5 | F81: 8 | G81: 12 | H81: 3 | I81: 1,1,1 | J81: 0.735 | K81: 0,0,0,0,0.333,0.333,0,0.333,0,0 | L81: 97 | M81: 3 | N81: 0.97
A82: funnel_b | B82: 17 | C82: 1 | D82: hard | E82: T1 | F82: 1 | G82: 12 | H82: 3 | I82: 2,3,1 | J82: 0 | K82: 0,0.059,0.029,0.088,0.206,0.029,0.088,0.324,0.059,0.118 | L82: 66 | M82: 34 | N82: 0.66
A83: funnel_b | E83: T2 | F83: 3 | G83: 12 | H83: 3 | I83: 1,1,1 | J83: 0.3 | K83: 0,0.041,0.061,0.061,0.143,0.041,0.082,0.061,0.429,0.082 | L83: 51 | M83: 49 | N83: 0.51
A84: funnel_b | E84: T3 | F84: 6 | G84: 12 | H84: 3 | I84: 1,1,2 | J84: 0.4 | K84: 0,0.05,0.025,0.175,0.1,0.1,0.075,0.125,0.225,0.125 | L84: 60 | M84: 40 | N84: 0.6
A85: funnel_b | E85: T4 | F85: 9 | G85: 12 | H85: 3 | I85: 1,1,2 | J85: 0.52 | K85: 0,0.105,0.105,0.158,0.105,0.105,0.053,0.158,0.053,0.158 | L85: 81 | M85: 19 | N85: 0.81
A86: funnel_b | E86: T5 | F86: 12 | G86: 12 | H86: 3 | I86: 1,1,2 | J86: 0.66 | K86: 0,0.189,0.108,0.027,0.054,0.216,0.135,0.081,0.135,0.054 | L86: 63 | M86: 37 | N86: 0.63
A87: funnel_b | B87: 18 | C87: 2 | D87: superhard | E87: T1 | F87: 19 | G87: 12 | H87: 4 | I87: 1,2,3,2 | J87: 0.75 | K87: 0.056,0.056,0.056,0,0.222,0.056,0.278,0.111,0.056,0.111 | L87: 82 | M87: 18 | N87: 0.82
A88: funnel_b | E88: T2 | F88: 21 | G88: 12 | H88: 4 | I88: 1,2,3,2 | J88: 0.88 | K88: 0.083,0,0.111,0.139,0.25,0.25,0,0,0.083,0.083 | L88: 64 | M88: 36 | N88: 0.64
A89: funnel_b | E89: T3 | F89: 23 | G89: 12 | H89: 4 | I89: 2,3,3,1 | J89: 0.9 | K89: 0.098,0,0.049,0.146,0.366,0.049,0.098,0.024,0.049,0.122 | L89: 59 | M89: 41 | N89: 0.59
A90: funnel_b | E90: T4 | F90: 25 | G90: 12 | H90: 4 | I90: 2,3,3,1 | J90: 0.964 | K90: 0.069,0.069,0.172,0.103,0.172,0.034,0.138,0.069,0.034,0.138 | L90: 71 | M90: 29 | N90: 0.71
A91: funnel_b | E91: T5 | F91: 27 | G91: 12 | H91: 4 | I91: 2,3,3,1 | J91: 0.98 | K91: 0.188,0.063,0,0.125,0.063,0.063,0.125,0.063,0.125,0.188 | L91: 84 | M91: 16 | N91: 0.84
A92: funnel_b | B92: 19 | C92: 0 | D92: normal | E92: T1 | F92: 14 | G92: 12 | H92: 4 | I92: 1,2,2,1 | J92: 0.61 | K92: 0,0,0,0,0,0,0,0,0,0 | L92: 100 | M92: 0 | N92: 1
A93: funnel_b | E93: T2 | F93: 15 | G93: 12 | H93: 4 | I93: 1,2,2,1 | J93: 0.71 | K93: 0,0,0,0,0,0,0,0,0,0 | L93: 100 | M93: 0 | N93: 1
A94: funnel_b | E94: T3 | F94: 16 | G94: 12 | H94: 4 | I94: 1,2,2,1 | J94: 0.79 | K94: 0,0,0,0,0,0,0,0,0,0 | L94: 100 | M94: 0 | N94: 1
A95: funnel_b | E95: T4 | F95: 17 | G95: 12 | H95: 4 | I95: 1,2,2,1 | J95: 0.878 | K95: 0,0,0,0,0,0,0,0,0,0 | L95: 100 | M95: 0 | N95: 1
A96: funnel_b | E96: T5 | F96: 18 | G96: 12 | H96: 4 | I96: 1,2,2,1 | J96: 0.975 | K96: 0,0,0,0,0,0,0,0,0,0 | L96: 100 | M96: 0 | N96: 1
A97: funnel_b | B97: 20 | C97: 0 | D97: normal | E97: T1 | F97: 14 | G97: 12 | H97: 4 | I97: 1,2,2,1 | J97: 0.61 | K97: 0,0,0,0,0,0,0,0,0,0 | L97: 100 | M97: 0 | N97: 1
A98: funnel_b | E98: T2 | F98: 15 | G98: 12 | H98: 4 | I98: 1,2,2,1 | J98: 0.71 | K98: 0,0,0,0,0,0,0,0,0,0 | L98: 100 | M98: 0 | N98: 1
A99: funnel_b | E99: T3 | F99: 16 | G99: 12 | H99: 4 | I99: 1,2,2,1 | J99: 0.79 | K99: 0,0,0,0,0,0,0,0,0,0 | L99: 100 | M99: 0 | N99: 1
A100: funnel_b | E100: T4 | F100: 17 | G100: 12 | H100: 4 | I100: 1,2,2,1 | J100: 0.878 | K100: 0,0,0,0,0,0,0,0,0,0 | L100: 100 | M100: 0 | N100: 1
...

Sheet Summary
A1: difficultyLabel | B1: tier | C1: rows | D1: avgWinRate | E1: avgRunCount | F1: avgFailCount
A2: normal | B2: 0 | C2: =COUNTIFS(LevelTierData!D2:D301,A2,LevelTierData!E2:E301,B2) -> 0 | D2: =IF(C2>0,AVERAGEIFS(LevelTierData!O2:O301,LevelTierData!D2:D301,A2,LevelTierData!E2:E301,B2),0) -> 0 | E2: =IF(C2>0,AVERAGEIFS(LevelTierData!L2:L301,LevelTierData!D2:D301,A2,LevelTierData!E2:E301,B2),0) -> 0 | F2: =IF(C2>0,AVERAGEIFS(LevelTierData!N2:N301,LevelTierData!D2:D301,A2,LevelTierData!E2:E301,B2),0) -> 0
A3: normal | B3: 1 | C3: =COUNTIFS(LevelTierData!D2:D301,A3,LevelTierData!E2:E301,B3) -> 42 | D3: =IF(C3>0,AVERAGEIFS(LevelTierData!O2:O301,LevelTierData!D2:D301,A3,LevelTierData!E2:E301,B3),0) -> 0 | E3: =IF(C3>0,AVERAGEIFS(LevelTierData!L2:L301,LevelTierData!D2:D301,A3,LevelTierData!E2:E301,B3),0) -> 0 | F3: =IF(C3>0,AVERAGEIFS(LevelTierData!N2:N301,LevelTierData!D2:D301,A3,LevelTierData!E2:E301,B3),0) -> 0
A4: normal | B4: 2 | C4: =COUNTIFS(LevelTierData!D2:D301,A4,LevelTierData!E2:E301,B4) -> 0 | D4: =IF(C4>0,AVERAGEIFS(LevelTierData!O2:O301,LevelTierData!D2:D301,A4,LevelTierData!E2:E301,B4),0) -> 0 | E4: =IF(C4>0,AVERAGEIFS(LevelTierData!L2:L301,LevelTierData!D2:D301,A4,LevelTierData!E2:E301,B4),0) -> 0 | F4: =IF(C4>0,AVERAGEIFS(LevelTierData!N2:N301,LevelTierData!D2:D301,A4,LevelTierData!E2:E301,B4),0) -> 0
A5: normal | B5: 3 | C5: =COUNTIFS(LevelTierData!D2:D301,A5,LevelTierData!E2:E301,B5) -> 0 | D5: =IF(C5>0,AVERAGEIFS(LevelTierData!O2:O301,LevelTierData!D2:D301,A5,LevelTierData!E2:E301,B5),0) -> 0 | E5: =IF(C5>0,AVERAGEIFS(LevelTierData!L2:L301,LevelTierData!D2:D301,A5,LevelTierData!E2:E301,B5),0) -> 0 | F5: =IF(C5>0,AVERAGEIFS(LevelTierData!N2:N301,LevelTierData!D2:D301,A5,LevelTierData!E2:E301,B5),0) -> 0
A6: normal | B6: 4 | C6: =COUNTIFS(LevelTierData!D2:D301,A6,LevelTierData!E2:E301,B6) -> 0 | D6: =IF(C6>0,AVERAGEIFS(LevelTierData!O2:O301,LevelTierData!D2:D301,A6,LevelTierData!E2:E301,B6),0) -> 0 | E6: =IF(C6>0,AVERAGEIFS(LevelTierData!L2:L301,LevelTierData!D2:D301,A6,LevelTierData!E2:E301,B6),0) -> 0 | F6: =IF(C6>0,AVERAGEIFS(LevelTierData!N2:N301,LevelTierData!D2:D301,A6,LevelTierData!E2:E301,B6),0) -> 0
A7: normal | B7: 5 | C7: =COUNTIFS(LevelTierData!D2:D301,A7,LevelTierData!E2:E301,B7) -> 0 | D7: =IF(C7>0,AVERAGEIFS(LevelTierData!O2:O301,LevelTierData!D2:D301,A7,LevelTierData!E2:E301,B7),0) -> 0 | E7: =IF(C7>0,AVERAGEIFS(LevelTierData!L2:L301,LevelTierData!D2:D301,A7,LevelTierData!E2:E301,B7),0) -> 0 | F7: =IF(C7>0,AVERAGEIFS(LevelTierData!N2:N301,LevelTierData!D2:D301,A7,LevelTierData!E2:E301,B7),0) -> 0
A8: hard | B8: 0 | C8: =COUNTIFS(LevelTierData!D2:D301,A8,LevelTierData!E2:E301,B8) -> 0 | D8: =IF(C8>0,AVERAGEIFS(LevelTierData!O2:O301,LevelTierData!D2:D301,A8,LevelTierData!E2:E301,B8),0) -> 0 | E8: =IF(C8>0,AVERAGEIFS(LevelTierData!L2:L301,LevelTierData!D2:D301,A8,LevelTierData!E2:E301,B8),0) -> 0 | F8: =IF(C8>0,AVERAGEIFS(LevelTierData!N2:N301,LevelTierData!D2:D301,A8,LevelTierData!E2:E301,B8),0) -> 0
A9: hard | B9: 1 | C9: =COUNTIFS(LevelTierData!D2:D301,A9,LevelTierData!E2:E301,B9) -> 4 | D9: =IF(C9>0,AVERAGEIFS(LevelTierData!O2:O301,LevelTierData!D2:D301,A9,LevelTierData!E2:E301,B9),0) -> 0 | E9: =IF(C9>0,AVERAGEIFS(LevelTierData!L2:L301,LevelTierData!D2:D301,A9,LevelTierData!E2:E301,B9),0) -> 0 | F9: =IF(C9>0,AVERAGEIFS(LevelTierData!N2:N301,LevelTierData!D2:D301,A9,LevelTierData!E2:E301,B9),0) -> 0
A10: hard | B10: 2 | C10: =COUNTIFS(LevelTierData!D2:D301,A10,LevelTierData!E2:E301,B10) -> 0 | D10: =IF(C10>0,AVERAGEIFS(LevelTierData!O2:O301,LevelTierData!D2:D301,A10,LevelTierData!E2:E301,B10),0) -> 0 | E10: =IF(C10>0,AVERAGEIFS(LevelTierData!L2:L301,LevelTierData!D2:D301,A10,LevelTierData!E2:E301,B10),0) -> 0 | F10: =IF(C10>0,AVERAGEIFS(LevelTierData!N2:N301,LevelTierData!D2:D301,A10,LevelTierData!E2:E301,B10),0) -> 0
A11: hard | B11: 3 | C11: =COUNTIFS(LevelTierData!D2:D301,A11,LevelTierData!E2:E301,B11) -> 0 | D11: =IF(C11>0,AVERAGEIFS(LevelTierData!O2:O301,LevelTierData!D2:D301,A11,LevelTierData!E2:E301,B11),0) -> 0 | E11: =IF(C11>0,AVERAGEIFS(LevelTierData!L2:L301,LevelTierData!D2:D301,A11,LevelTierData!E2:E301,B11),0) -> 0 | F11: =IF(C11>0,AVERAGEIFS(LevelTierData!N2:N301,LevelTierData!D2:D301,A11,LevelTierData!E2:E301,B11),0) -> 0
A12: hard | B12: 4 | C12: =COUNTIFS(LevelTierData!D2:D301,A12,LevelTierData!E2:E301,B12) -> 0 | D12: =IF(C12>0,AVERAGEIFS(LevelTierData!O2:O301,LevelTierData!D2:D301,A12,LevelTierData!E2:E301,B12),0) -> 0 | E12: =IF(C12>0,AVERAGEIFS(LevelTierData!L2:L301,LevelTierData!D2:D301,A12,LevelTierData!E2:E301,B12),0) -> 0 | F12: =IF(C12>0,AVERAGEIFS(LevelTierData!N2:N301,LevelTierData!D2:D301,A12,LevelTierData!E2:E301,B12),0) -> 0
A13: hard | B13: 5 | C13: =COUNTIFS(LevelTierData!D2:D301,A13,LevelTierData!E2:E301,B13) -> 0 | D13: =IF(C13>0,AVERAGEIFS(LevelTierData!O2:O301,LevelTierData!D2:D301,A13,LevelTierData!E2:E301,B13),0) -> 0 | E13: =IF(C13>0,AVERAGEIFS(LevelTierData!L2:L301,LevelTierData!D2:D301,A13,LevelTierData!E2:E301,B13),0) -> 0 | F13: =IF(C13>0,AVERAGEIFS(LevelTierData!N2:N301,LevelTierData!D2:D301,A13,LevelTierData!E2:E301,B13),0) -> 0
A14: superhard | B14: 0 | C14: =COUNTIFS(LevelTierData!D2:D301,A14,LevelTierData!E2:E301,B14) -> 0 | D14: =IF(C14>0,AVERAGEIFS(LevelTierData!O2:O301,LevelTierData!D2:D301,A14,LevelTierData!E2:E301,B14),0) -> 0 | E14: =IF(C14>0,AVERAGEIFS(LevelTierData!L2:L301,LevelTierData!D2:D301,A14,LevelTierData!E2:E301,B14),0) -> 0 | F14: =IF(C14>0,AVERAGEIFS(LevelTierData!N2:N301,LevelTierData!D2:D301,A14,LevelTierData!E2:E301,B14),0) -> 0
A15: superhard | B15: 1 | C15: =COUNTIFS(LevelTierData!D2:D301,A15,LevelTierData!E2:E301,B15) -> 4 | D15: =IF(C15>0,AVERAGEIFS(LevelTierData!O2:O301,LevelTierData!D2:D301,A15,LevelTierData!E2:E301,B15),0) -> 0 | E15: =IF(C15>0,AVERAGEIFS(LevelTierData!L2:L301,LevelTierData!D2:D301,A15,LevelTierData!E2:E301,B15),0) -> 0 | F15: =IF(C15>0,AVERAGEIFS(LevelTierData!N2:N301,LevelTierData!D2:D301,A15,LevelTierData!E2:E301,B15),0) -> 0
A16: superhard | B16: 2 | C16: =COUNTIFS(LevelTierData!D2:D301,A16,LevelTierData!E2:E301,B16) -> 0 | D16: =IF(C16>0,AVERAGEIFS(LevelTierData!O2:O301,LevelTierData!D2:D301,A16,LevelTierData!E2:E301,B16),0) -> 0 | E16: =IF(C16>0,AVERAGEIFS(LevelTierData!L2:L301,LevelTierData!D2:D301,A16,LevelTierData!E2:E301,B16),0) -> 0 | F16: =IF(C16>0,AVERAGEIFS(LevelTierData!N2:N301,LevelTierData!D2:D301,A16,LevelTierData!E2:E301,B16),0) -> 0
A17: superhard | B17: 3 | C17: =COUNTIFS(LevelTierData!D2:D301,A17,LevelTierData!E2:E301,B17) -> 0 | D17: =IF(C17>0,AVERAGEIFS(LevelTierData!O2:O301,LevelTierData!D2:D301,A17,LevelTierData!E2:E301,B17),0) -> 0 | E17: =IF(C17>0,AVERAGEIFS(LevelTierData!L2:L301,LevelTierData!D2:D301,A17,LevelTierData!E2:E301,B17),0) -> 0 | F17: =IF(C17>0,AVERAGEIFS(LevelTierData!N2:N301,LevelTierData!D2:D301,A17,LevelTierData!E2:E301,B17),0) -> 0
A18: superhard | B18: 4 | C18: =COUNTIFS(LevelTierData!D2:D301,A18,LevelTierData!E2:E301,B18) -> 0 | D18: =IF(C18>0,AVERAGEIFS(LevelTierData!O2:O301,LevelTierData!D2:D301,A18,LevelTierData!E2:E301,B18),0) -> 0 | E18: =IF(C18>0,AVERAGEIFS(LevelTierData!L2:L301,LevelTierData!D2:D301,A18,LevelTierData!E2:E301,B18),0) -> 0 | F18: =IF(C18>0,AVERAGEIFS(LevelTierData!N2:N301,LevelTierData!D2:D301,A18,LevelTierData!E2:E301,B18),0) -> 0
A19: superhard | B19: 5 | C19: =COUNTIFS(LevelTierData!D2:D301,A19,LevelTierData!E2:E301,B19) -> 0 | D19: =IF(C19>0,AVERAGEIFS(LevelTierData!O2:O301,LevelTierData!D2:D301,A19,LevelTierData!E2:E301,B19),0) -> 0 | E19: =IF(C19>0,AVERAGEIFS(LevelTierData!L2:L301,LevelTierData!D2:D301,A19,LevelTierData!E2:E301,B19),0) -> 0 | F19: =IF(C19>0,AVERAGEIFS(LevelTierData!N2:N301,LevelTierData!D2:D301,A19,LevelTierData!E2:E301,B19),0) -> 0
